epoch,batch,train_loss,train_accuracy
0,0,0.5678172,0.5
1,1,0.16397503,0.125
1,2,0.5571706,0.5
1,3,0.4282023,0.375
1,4,0.2900083,0.25
1,5,0.4187747,0.375
1,6,0.30124378,0.25
1,7,0.5154692,0.5
1,8,0.29411462,0.25
1,9,0.15955457,0.125
1,10,0.40066797,0.375
1,11,0.40674388,0.375
1,12,0.7935562,0.75
1,13,0.43799108,0.375
1,14,0.6132101,0.625
1,15,0.5030787,0.5
1,16,0.40000027,0.375
1,17,0.13609013,0.125
1,18,0.68499637,0.625
1,19,0.53019595,0.5
1,20,0.2661532,0.25
1,21,0.2031623,0.25
1,22,0.39431694,0.375
1,23,0.2559678,0.25
1,24,0.48903036,0.5
1,25,0.3798926,0.375
1,26,0.123716116,0.125
1,27,0.23152544,0.25
1,28,0.2506282,0.25
1,29,0.22683567,0.25
1,30,0.12519655,0.125
1,31,0.245622,0.25
1,32,0.41525048,0.5
1,33,0.112090014,0.125
1,34,0.3575894,0.375
1,35,0.44190416,0.5
1,36,0.12780797,0.25
1,37,0.24573316,0.375
1,38,0.302662,0.375
1,39,0.44952887,0.5
1,40,0.2474226,0.25
1,41,0.5158042,0.625
1,42,0.27449647,0.375
1,43,0.21068679,0.375
1,44,0.3188533,0.375
1,45,0.30366826,0.375
1,46,0.28657532,0.375
1,47,0.26400644,0.375
1,48,0.22107625,0.375
1,49,0.22225852,0.25
1,50,0.2173618,0.375
1,51,0.32355964,0.375
1,52,0.35647666,0.5
1,53,0.20049483,0.25
1,54,0.25336513,0.375
1,55,0.26246998,0.375
1,56,0.333949,0.5
1,57,0.330917,0.5
1,58,0.18968064,0.25
1,59,0.28582397,0.375
1,60,0.20983745,0.25
1,61,0.27510184,0.375
1,62,0.43586674,0.625
1,63,0.21378258,0.375
1,64,0.2834674,0.5
1,65,0.33739445,0.625
1,66,0.2934435,0.375
1,67,0.2198088,0.375
1,68,0.075991035,0.0
2,69,0.3734226,0.625
2,70,0.062491298,0.125
2,71,0.44613117,0.75
2,72,0.15624315,0.25
2,73,0.40452525,0.625
2,74,0.172111,0.375
2,75,0.08060112,0.125
2,76,0.19399598,0.25
2,77,0.29200566,0.5
2,78,0.19898412,0.25
2,79,0.26674423,0.5
2,80,0.12775591,0.125
2,81,0.19179647,0.375
2,82,0.20696966,0.25
2,83,0.2917442,0.5
2,84,0.15956353,0.25
2,85,0.31528637,0.5
2,86,0.30177355,0.625
2,87,0.29978648,0.5
2,88,0.25850865,0.5
2,89,0.17977968,0.25
2,90,0.18318601,0.25
2,91,0.2888553,0.5
2,92,0.13583383,0.125
2,93,0.32771492,0.75
2,94,0.23460028,0.375
2,95,0.23416944,0.375
2,96,0.15556438,0.25
2,97,0.15284202,0.25
2,98,0.14631379,0.25
2,99,0.18089621,0.5
2,100,0.34823373,0.75
2,101,0.34238744,0.75
2,102,0.17251197,0.375
2,103,0.14530064,0.25
2,104,0.1793567,0.25
2,105,0.17363468,0.375
2,106,0.18595518,0.25
2,107,0.07743259,0.25
2,108,0.35204184,0.625
2,109,0.14560574,0.25
2,110,0.15268457,0.125
2,111,0.20618483,0.375
2,112,0.11221092,0.25
2,113,0.16997626,0.25
2,114,0.25823766,0.375
2,115,0.2337349,0.375
2,116,0.156741,0.25
2,117,0.24991184,0.5
2,118,0.08466522,0.125
2,119,0.11724901,0.25
2,120,0.28095135,0.125
2,121,0.26244858,0.375
2,122,0.16346169,0.25
2,123,0.22168918,0.625
2,124,0.24694993,0.375
2,125,0.111268744,0.125
2,126,0.101491675,0.125
2,127,0.090171486,0.0
2,128,0.1390893,0.25
2,129,0.15917769,0.25
2,130,0.12325219,0.25
2,131,0.23172387,0.5
2,132,0.19937699,0.5
2,133,0.33934033,0.625
2,134,0.17446956,0.375
2,135,0.31180227,0.625
2,136,0.15504715,0.0
3,137,0.18949278,0.125
3,138,0.13287765,0.375
3,139,0.19251712,0.625
3,140,0.19617537,0.25
3,141,0.14794004,0.25
3,142,0.15751702,0.25
3,143,0.18366016,0.25
3,144,0.1824869,0.5
3,145,0.1675276,0.5
3,146,0.18668292,0.375
3,147,0.2689808,0.5
3,148,0.32232806,0.5
3,149,0.18499091,0.375
3,150,0.14042884,0.375
3,151,0.14963263,0.25
3,152,0.16198754,0.375
3,153,0.11320938,0.25
3,154,0.30324894,0.5
3,155,0.15187551,0.375
3,156,0.14553516,0.125
3,157,0.06686131,0.125
3,158,0.16229972,0.5
3,159,0.24906136,0.5
3,160,0.16925493,0.25
3,161,0.17361373,0.375
3,162,0.083968274,0.0
3,163,0.24777356,0.625
3,164,0.25117734,0.25
3,165,0.2697459,0.375
3,166,0.12382169,0.25
3,167,0.21134736,0.5
3,168,0.2159014,0.5
3,169,0.15717515,0.125
3,170,0.15549716,0.25
3,171,0.29729387,0.625
3,172,0.27056435,0.5
3,173,0.12195936,0.25
3,174,0.10424377,0.125
3,175,0.06692866,0.25
3,176,0.22682784,0.5
3,177,0.14779553,0.25
3,178,0.13045031,0.375
3,179,0.075789385,0.25
3,180,0.1327902,0.125
3,181,0.05252677,0.0
3,182,0.07666624,0.0
3,183,0.23399945,0.625
3,184,0.09357071,0.125
3,185,0.17863952,0.25
3,186,0.19220978,0.25
3,187,0.19080102,0.25
3,188,0.19708131,0.5
3,189,0.101683505,0.125
3,190,0.082610145,0.375
3,191,0.15674852,0.5
3,192,0.31188852,0.5
3,193,0.22656015,0.625
3,194,0.2451564,0.375
3,195,0.28942642,0.625
3,196,0.17208809,0.25
3,197,0.17228688,0.5
3,198,0.26809925,0.875
3,199,0.23321442,0.375
3,200,0.15594961,0.375
3,201,0.1427025,0.25
3,202,0.08008845,0.25
3,203,0.09475986,0.125
3,204,0.58809507,1.0
4,205,0.105424486,0.375
4,206,0.12690954,0.125
4,207,0.16543743,0.375
4,208,0.20741844,0.625
4,209,0.20403518,0.625
4,210,0.17896174,0.375
4,211,0.09667594,0.5
4,212,0.13543011,0.625
4,213,0.14180136,0.25
4,214,0.14398164,0.375
4,215,0.11321896,0.25
4,216,0.10860156,0.125
4,217,0.24022976,0.5
4,218,0.13002716,0.125
4,219,0.31243932,0.375
4,220,0.161903,0.5
4,221,0.12556662,0.25
4,222,0.13388157,0.5
4,223,0.1233423,0.25
4,224,0.18812822,0.125
4,225,0.10487624,0.125
4,226,0.12469728,0.375
4,227,0.14956152,0.375
4,228,0.119414575,0.375
4,229,0.15299392,0.375
4,230,0.1963906,0.5
4,231,0.10316744,0.375
4,232,0.2136149,0.625
4,233,0.2083129,0.5
4,234,0.14596339,0.625
4,235,0.20042366,0.625
4,236,0.14239721,0.0
4,237,0.17915234,0.25
4,238,0.17866492,0.5
4,239,0.09933275,0.5
4,240,0.27562532,0.625
4,241,0.17061599,0.125
4,242,0.08569339,0.375
4,243,0.13778502,0.375
4,244,0.24017932,0.625
4,245,0.17722401,0.5
4,246,0.08409215,0.375
4,247,0.2864333,0.5
4,248,0.18469372,0.5
4,249,0.1882064,0.5
4,250,0.21195665,0.375
4,251,0.0743823,0.375
4,252,0.13269241,0.5
4,253,0.09980915,0.125
4,254,0.19892208,0.375
4,255,0.21007867,0.25
4,256,0.0744015,0.25
4,257,0.095048845,0.375
4,258,0.2257055,0.375
4,259,0.09609672,0.5
4,260,0.12680914,0.25
4,261,0.10103896,0.0
4,262,0.123978354,0.5
4,263,0.18726486,0.375
4,264,0.13817766,0.75
4,265,0.12858473,0.375
4,266,0.14707555,0.5
4,267,0.2397039,0.5
4,268,0.16854247,0.375
4,269,0.2124349,0.625
4,270,0.06648446,0.25
4,271,0.18441273,0.25
4,272,0.27288374,1.0
5,273,0.08602216,0.25
5,274,0.117387876,0.375
5,275,0.07087692,0.375
5,276,0.25661534,0.5
5,277,0.19992669,0.375
5,278,0.13894095,0.375
5,279,0.118623264,0.125
5,280,0.08680971,0.25
5,281,0.10402103,0.375
5,282,0.14299275,0.75
5,283,0.17553055,0.75
5,284,0.11692518,0.125
5,285,0.09407176,0.375
5,286,0.27417096,0.75
5,287,0.104550876,0.375
5,288,0.13884574,0.0
5,289,0.10494987,0.375
5,290,0.07566323,0.375
5,291,0.27123663,0.625
5,292,0.18778452,0.375
5,293,0.13079911,0.625
5,294,0.20481984,0.375
5,295,0.3212453,0.5
5,296,0.12813345,0.375
5,297,0.24878913,0.375
5,298,0.20884487,0.75
5,299,0.18313497,0.625
5,300,0.103774406,0.5
5,301,0.11872366,0.25
5,302,0.24991512,0.625
5,303,0.15343937,0.125
5,304,0.1952856,0.75
5,305,0.1911448,0.625
5,306,0.15549713,0.5
5,307,0.09111019,0.25
5,308,0.16068192,0.25
5,309,0.03530657,0.375
5,310,0.11650356,0.625
5,311,0.14861977,0.25
5,312,0.11419567,0.375
5,313,0.15965258,0.5
5,314,0.18323186,0.5
5,315,0.12288404,0.625
5,316,0.111789376,0.375
5,317,0.079147175,0.375
5,318,0.07255905,0.375
5,319,0.101995304,0.375
5,320,0.10931968,0.75
5,321,0.17229158,0.5
5,322,0.061974984,0.25
5,323,0.16138919,0.25
5,324,0.1520156,0.125
5,325,0.13432905,0.5
5,326,0.09000525,0.375
5,327,0.1272681,0.625
5,328,0.26584038,0.375
5,329,0.23156962,0.5
5,330,0.23301204,0.75
5,331,0.14732654,0.375
5,332,0.1551855,0.375
5,333,0.11517997,0.375
5,334,0.09118499,0.5
5,335,0.113947496,0.125
5,336,0.1242072,0.25
5,337,0.13544796,0.375
5,338,0.11937941,0.625
5,339,0.10624479,0.5
5,340,0.36924237,1.0
6,341,0.1451652,0.5
6,342,0.1401732,0.5
6,343,0.25237846,0.375
6,344,0.17821223,0.5
6,345,0.05413156,0.5
6,346,0.16412199,0.375
6,347,0.10136977,0.5
6,348,0.20139557,0.625
6,349,0.1941964,0.375
6,350,0.028275402,0.375
6,351,0.10235807,0.25
6,352,0.2605688,0.75
6,353,0.048889503,0.375
6,354,0.18438809,0.5
6,355,0.11029409,0.375
6,356,0.06634198,0.25
6,357,0.17845781,0.375
6,358,0.2355826,0.5
6,359,0.199233,0.5
6,360,0.13228482,0.375
6,361,0.16918921,0.25
6,362,0.04756907,0.625
6,363,0.14300133,0.125
6,364,0.12095494,0.625
6,365,0.10509087,0.375
6,366,0.1429797,0.5
6,367,0.04082828,0.125
6,368,0.15392192,0.375
6,369,0.20806737,0.625
6,370,0.14561668,0.375
6,371,0.09057058,0.625
6,372,0.17875756,0.5
6,373,0.021740206,0.125
6,374,0.28640303,0.625
6,375,0.103091486,0.5
6,376,0.13109772,0.625
6,377,0.1895926,0.875
6,378,0.13165893,0.375
6,379,0.19726506,0.625
6,380,0.20002764,0.625
6,381,0.13917181,0.75
6,382,0.12821329,0.25
6,383,0.12747893,0.25
6,384,0.20387971,0.25
6,385,0.041944694,0.375
6,386,0.13026546,0.625
6,387,0.17805749,0.625
6,388,0.079495355,0.25
6,389,0.15578063,0.5
6,390,0.23906608,0.625
6,391,0.14538953,0.25
6,392,0.16969174,0.375
6,393,0.053483248,0.5
6,394,0.06636131,0.75
6,395,0.047967784,0.875
6,396,0.12276914,0.75
6,397,0.2117797,0.25
6,398,0.047830753,0.25
6,399,0.082994014,0.25
6,400,0.051831223,0.25
6,401,0.06756729,0.625
6,402,0.09297826,0.375
6,403,0.23711607,0.375
6,404,0.20251442,0.625
6,405,0.12260551,0.375
6,406,0.2412372,0.625
6,407,0.16733168,0.625
6,408,0.11266436,1.0
7,409,0.14016387,0.375
7,410,0.14045978,0.375
7,411,0.12597461,0.5
7,412,0.093528286,0.5
7,413,0.08660243,0.5
7,414,0.07591454,0.5
7,415,0.19413364,0.5
7,416,0.13834442,0.25
7,417,0.1208053,0.375
7,418,0.28735033,0.375
7,419,0.1475366,0.625
7,420,0.15877478,0.25
7,421,0.13011366,0.5
7,422,0.097480126,0.25
7,423,0.12204982,0.375
7,424,0.040436864,0.5
7,425,0.08200907,0.25
7,426,0.24915561,0.5
7,427,0.10855386,0.625
7,428,0.13314642,0.5
7,429,0.13360548,0.875
7,430,0.04593137,0.25
7,431,0.31535363,0.75
7,432,0.081021026,0.375
7,433,0.046716604,0.625
7,434,0.1865388,0.625
7,435,0.3805441,0.75
7,436,0.14719933,0.5
7,437,0.09687547,0.5
7,438,0.108530246,0.75
7,439,0.18490836,0.5
7,440,0.0863886,0.25
7,441,0.11107273,0.125
7,442,0.13906875,0.5
7,443,0.17636362,0.5
7,444,0.104958616,0.75
7,445,0.203252,0.625
7,446,0.11945382,0.5
7,447,0.051960457,0.375
7,448,0.07076115,0.5
7,449,0.17928833,0.5
7,450,0.1876483,0.625
7,451,0.10348198,0.625
7,452,0.17433527,0.25
7,453,0.094106406,0.375
7,454,0.09349757,0.375
7,455,0.13501173,0.625
7,456,0.12807652,0.625
7,457,0.19679818,0.75
7,458,0.029489549,0.375
7,459,0.09817858,0.75
7,460,0.14881031,0.5
7,461,0.06313587,0.25
7,462,0.15952468,0.625
7,463,0.13518795,0.75
7,464,0.23559944,0.375
7,465,0.17423217,0.625
7,466,0.07684462,0.625
7,467,0.14808601,0.5
7,468,0.07025838,0.5
7,469,0.11763128,0.375
7,470,0.083177485,0.5
7,471,0.13530889,0.375
7,472,0.39601475,0.625
7,473,0.046055682,0.375
7,474,0.04358204,0.375
7,475,0.15853296,0.25
7,476,0.41138357,1.0
8,477,0.13361403,0.375
8,478,0.10635434,0.5
8,479,0.16482012,0.5
8,480,0.097715534,0.75
8,481,0.10281481,0.25
8,482,0.12389238,0.25
8,483,0.089390814,0.25
8,484,0.07489154,0.625
8,485,0.12780245,0.75
8,486,0.14988229,1.0
8,487,0.15497296,0.375
8,488,0.21189216,1.0
8,489,0.12703094,0.375
8,490,0.16091852,0.5
8,491,0.12329397,0.375
8,492,0.2661444,0.5
8,493,0.023344519,0.25
8,494,0.13813946,0.375
8,495,0.092548445,0.375
8,496,0.20410061,0.75
8,497,0.09450008,0.25
8,498,0.10338323,0.375
8,499,0.08067026,0.75
8,500,0.17135139,0.75
8,501,0.087489,0.75
8,502,0.24108884,0.625
8,503,0.24950168,0.625
8,504,0.10077663,0.375
8,505,0.1405969,0.375
8,506,0.14224043,0.25
8,507,0.15728097,0.375
8,508,0.08862517,0.5
8,509,0.16481674,0.5
8,510,0.023300707,0.375
8,511,0.1257264,0.375
8,512,0.13487296,0.5
8,513,0.09491712,0.5
8,514,0.08875438,0.375
8,515,0.10350768,0.5
8,516,0.110838115,0.375
8,517,0.18502465,0.625
8,518,0.15347664,0.75
8,519,0.10368867,0.25
8,520,0.09972502,0.375
8,521,0.1303512,0.25
8,522,0.13101284,0.5
8,523,0.17698818,0.5
8,524,0.17628057,0.75
8,525,0.10650353,0.625
8,526,0.29514322,0.5
8,527,0.1738956,0.5
8,528,0.1552344,0.5
8,529,0.20578,0.5
8,530,0.05719573,0.75
8,531,0.18253797,0.5
8,532,0.11032661,0.75
8,533,0.111151,0.5
8,534,0.13015205,0.5
8,535,0.073274955,0.5
8,536,0.08648054,0.625
8,537,0.15925619,0.375
8,538,0.20054266,0.5
8,539,0.20791256,0.625
8,540,0.09148427,0.625
8,541,0.06075278,0.375
8,542,0.017013038,0.25
8,543,0.17470872,0.625
8,544,0.08395879,1.0
9,545,0.15825425,0.25
9,546,0.11367418,0.625
9,547,0.07279487,0.75
9,548,0.08907724,0.875
9,549,0.12771353,0.625
9,550,0.06751999,0.5
9,551,0.34566107,0.5
9,552,0.09063012,0.5
9,553,0.104498684,0.5
9,554,0.28952625,0.625
9,555,0.070273034,0.75
9,556,0.15668407,0.5
9,557,0.18731265,0.875
9,558,0.032792054,0.5
9,559,0.14981948,0.25
9,560,0.093546435,0.375
9,561,0.029171875,0.375
9,562,0.17991436,0.75
9,563,0.096101284,0.375
9,564,0.12629604,0.375
9,565,0.15684734,0.625
9,566,0.121551156,0.375
9,567,0.09317901,0.375
9,568,0.3179545,0.75
9,569,0.23382106,0.25
9,570,0.052740287,0.5
9,571,0.15071177,0.5
9,572,0.06112306,0.25
9,573,0.024154123,0.625
9,574,0.1177664,0.75
9,575,0.1263812,0.625
9,576,0.10444273,0.375
9,577,0.16380933,0.25
9,578,0.15878528,0.375
9,579,0.29402333,0.75
9,580,0.12154489,0.625
9,581,0.25713283,0.5
9,582,0.08088845,0.75
9,583,0.053750984,0.0
9,584,0.18949781,0.625
9,585,0.17223284,0.625
9,586,0.07794756,0.5
9,587,0.09304954,0.25
9,588,0.16429952,0.625
9,589,0.11736628,0.375
9,590,0.15429378,0.5
9,591,0.09839047,0.625
9,592,0.12168073,0.75
9,593,0.26515147,0.5
9,594,0.14379446,0.375
9,595,0.16418196,0.5
9,596,0.048537705,0.625
9,597,0.14969055,0.5
9,598,0.19574812,0.625
9,599,0.12182094,0.5
9,600,0.2231239,0.375
9,601,0.07958416,0.625
9,602,0.11631243,0.75
9,603,0.087340996,0.5
9,604,0.10750102,0.625
9,605,0.015343361,0.5
9,606,0.11405201,0.625
9,607,0.032152638,0.625
9,608,0.14464049,0.5
9,609,0.16933422,0.5
9,610,0.024652345,0.625
9,611,0.10968455,0.625
9,612,0.0019186542,0.0
10,613,0.10651839,0.5
10,614,0.119466126,0.625
10,615,0.16271725,0.375
10,616,0.16960531,0.75
10,617,0.08172351,0.625
10,618,0.111098796,0.75
10,619,0.17372558,0.375
10,620,0.10723216,0.75
10,621,0.1144937,0.5
10,622,0.062499408,0.75
10,623,0.12772536,0.375
10,624,0.12664156,0.625
10,625,0.24240854,0.625
10,626,0.10524492,0.5
10,627,0.070650004,0.75
10,628,0.12535138,0.5
10,629,0.08598884,0.5
10,630,0.14265595,0.75
10,631,0.12678069,0.375
10,632,0.094073385,0.625
10,633,0.23601454,0.5
10,634,0.20464607,0.375
10,635,0.13000081,1.0
10,636,0.11268978,0.625
10,637,0.056477483,0.75
10,638,0.07474779,0.5
10,639,0.11543192,0.625
10,640,0.059172347,0.375
10,641,0.090869635,0.25
10,642,0.0903593,0.875
10,643,0.10593442,0.5
10,644,0.046087768,0.625
10,645,0.15375614,0.375
10,646,0.2563661,0.25
10,647,0.068963386,0.875
10,648,0.107910626,0.5
10,649,0.2412265,0.375
10,650,0.18384539,0.375
10,651,0.022457525,0.5
10,652,0.10041671,0.375
10,653,0.1564978,0.625
10,654,0.11136614,0.5
10,655,0.09657111,0.5
10,656,0.10229798,0.625
10,657,0.16902629,0.75
10,658,0.18031141,0.75
10,659,0.15793033,0.5
10,660,0.18000817,0.375
10,661,0.13688976,0.375
10,662,0.12603812,0.5
10,663,0.0989302,0.75
10,664,0.12683652,0.5
10,665,0.13907447,0.25
10,666,0.10283877,0.625
10,667,0.17930318,0.5
10,668,0.11228339,0.5
10,669,0.1663038,0.5
10,670,0.07032336,0.625
10,671,0.0571224,0.625
10,672,0.24193807,0.375
10,673,0.07017093,0.625
10,674,0.16444474,0.875
10,675,0.24063627,0.25
10,676,0.12058018,0.5
10,677,0.07676929,0.75
10,678,0.08287552,0.375
10,679,0.18945305,0.375
10,680,0.0002443099,0.0
11,681,0.1426243,0.5
11,682,0.20661294,0.375
11,683,0.30082348,0.75
11,684,0.14797513,0.625
11,685,0.041793093,0.75
11,686,0.061083827,0.0
11,687,0.05789882,0.375
11,688,0.05906733,0.625
11,689,0.116503276,0.5
11,690,0.04644991,0.75
11,691,0.15325682,0.5
11,692,0.21155368,0.375
11,693,0.08455156,0.5
11,694,0.12512706,0.5
11,695,0.07789509,0.625
11,696,0.17638883,0.875
11,697,0.06274115,0.75
11,698,0.075226516,0.375
11,699,0.14997166,0.25
11,700,0.2834408,0.625
11,701,0.19013903,0.625
11,702,0.05696309,0.5
11,703,0.19832988,0.375
11,704,0.13150053,0.375
11,705,0.070695706,0.5
11,706,0.11473921,0.75
11,707,0.26605007,0.375
11,708,0.09857181,0.5
11,709,0.07466073,0.375
11,710,0.06311185,0.25
11,711,0.082446076,0.375
11,712,0.110072725,0.375
11,713,0.047693186,0.375
11,714,0.16397342,0.875
11,715,0.11923275,0.5
11,716,0.09171913,0.25
11,717,0.32786852,0.875
11,718,0.06998614,0.75
11,719,0.062141366,0.75
11,720,0.15774828,0.25
11,721,0.07355278,0.625
11,722,0.14027922,0.375
11,723,0.09691402,0.375
11,724,0.15703587,0.25
11,725,0.056052655,0.375
11,726,0.1786283,0.625
11,727,0.11150745,0.625
11,728,0.11562665,0.25
11,729,0.14344285,0.125
11,730,0.14584792,0.375
11,731,0.18967505,0.75
11,732,0.092583425,0.875
11,733,0.1303427,0.75
11,734,0.20423847,0.75
11,735,0.11168143,0.5
11,736,0.009865993,0.5
11,737,0.048574556,0.625
11,738,0.069972865,0.375
11,739,0.1492898,0.625
11,740,0.13583405,0.75
11,741,0.20974006,0.625
11,742,0.11598619,0.625
11,743,0.10038971,0.75
11,744,0.09904398,0.5
11,745,0.21409519,0.5
11,746,0.081887394,0.75
11,747,0.12619796,0.625
11,748,0.01709886,1.0
12,749,0.112974524,0.5
12,750,0.038456384,0.5
12,751,0.119448505,0.75
12,752,0.14780991,0.625
12,753,0.092908606,0.75
12,754,0.06521556,0.5
12,755,0.17049675,0.25
12,756,0.1377199,0.375
12,757,0.16606833,0.375
12,758,0.23081197,0.5
12,759,0.026581004,0.25
12,760,0.07562048,0.375
12,761,0.11246914,0.75
12,762,0.26216292,0.5
12,763,0.2535226,0.625
12,764,0.041628454,0.625
12,765,0.17717597,0.625
12,766,0.06709774,0.75
12,767,0.15560572,0.25
12,768,0.13426685,0.5
12,769,0.21922363,0.5
12,770,0.06425643,0.625
12,771,0.16654256,0.625
12,772,0.09629761,0.625
12,773,0.23192579,0.875
12,774,0.10493876,0.625
12,775,0.14650632,0.875
12,776,0.15367675,0.625
12,777,0.081932046,0.5
12,778,0.139632,0.625
12,779,0.04987985,0.5
12,780,0.34411883,0.5
12,781,0.1676972,0.375
12,782,0.19364737,0.625
12,783,0.1257925,0.625
12,784,0.099623546,0.625
12,785,0.032970093,0.625
12,786,0.030011931,0.625
12,787,0.079004295,0.25
12,788,0.088155575,0.625
12,789,0.1240367,0.75
12,790,0.16926284,0.375
12,791,0.14340301,0.375
12,792,0.15038265,0.625
12,793,0.03297341,0.25
12,794,0.023750585,0.625
12,795,0.04950732,0.5
12,796,0.18564925,0.5
12,797,0.054385617,0.5
12,798,0.13455017,0.375
12,799,0.094455495,0.5
12,800,0.078793064,0.25
12,801,0.06378455,0.625
12,802,0.07772001,0.375
12,803,0.08540991,0.625
12,804,0.08446916,0.625
12,805,0.13721183,0.5
12,806,0.23336321,0.375
12,807,0.18525837,0.5
12,808,0.25322536,0.5
12,809,0.042835336,0.75
12,810,0.06353039,0.5
12,811,0.14720516,0.875
12,812,0.20527795,0.75
12,813,0.013045206,0.75
12,814,0.14748448,0.5
12,815,0.11998218,0.25
12,816,0.053835746,1.0
13,817,0.04525633,0.375
13,818,0.08099875,0.5
13,819,0.11619772,0.25
13,820,0.113447696,0.375
13,821,0.16255923,0.5
13,822,0.05208449,0.375
13,823,0.07155669,0.375
13,824,0.15088522,0.375
13,825,0.07333831,0.5
13,826,0.08349649,0.5
13,827,0.13952656,0.75
13,828,0.15941258,0.875
13,829,0.18716265,0.5
13,830,0.135907,0.875
13,831,0.04729361,0.75
13,832,0.03350733,0.5
13,833,0.045201954,0.5
13,834,0.06245573,0.625
13,835,0.09925384,0.625
13,836,0.08264777,0.375
13,837,0.12085492,0.5
13,838,0.10927591,0.375
13,839,0.105661444,0.75
13,840,0.11423569,0.625
13,841,0.1892242,0.5
13,842,0.09787593,0.625
13,843,0.19909817,0.25
13,844,0.057717636,0.75
13,845,0.025157535,0.5
13,846,0.0896656,0.375
13,847,0.33971214,0.625
13,848,0.09958908,0.375
13,849,0.23650652,0.75
13,850,0.02748848,0.625
13,851,0.10348797,0.5
13,852,0.09666087,0.375
13,853,0.17148523,0.5
13,854,0.07857772,0.375
13,855,0.11073236,0.625
13,856,0.17578399,0.625
13,857,0.079745695,0.75
13,858,0.08028385,0.75
13,859,0.039216585,0.625
13,860,0.21761534,0.5
13,861,0.12485904,0.5
13,862,0.21962959,0.5
13,863,0.27603793,0.5
13,864,0.23978609,0.5
13,865,0.23790267,0.875
13,866,0.087465346,0.5
13,867,0.121797755,0.5
13,868,0.09522116,0.75
13,869,0.12890069,0.5
13,870,0.12743586,0.875
13,871,0.12040129,0.625
13,872,0.07936388,0.375
13,873,0.10347628,0.375
13,874,0.18370017,0.875
13,875,0.18365362,0.375
13,876,0.038474593,0.625
13,877,0.046598062,0.875
13,878,0.07431686,0.125
13,879,0.23915198,0.125
13,880,0.122545466,0.5
13,881,0.11716875,0.625
13,882,0.25812107,0.875
13,883,0.09878114,0.5
13,884,0.0013523593,1.0
14,885,0.13867228,0.375
14,886,0.088874556,0.375
14,887,0.21199079,0.75
14,888,0.033616073,0.375
14,889,0.070161626,0.625
14,890,0.08019444,0.375
14,891,0.05101972,0.25
14,892,0.07887313,0.375
14,893,0.21060947,0.875
14,894,0.1489884,0.5
14,895,0.09796268,0.75
14,896,0.28705004,0.5
14,897,0.028779276,0.5
14,898,0.12933241,0.375
14,899,0.12171564,0.375
14,900,0.049035843,0.5
14,901,0.08263877,0.25
14,902,0.11670239,0.625
14,903,0.1429055,0.5
14,904,0.112801425,0.625
14,905,0.01340215,0.75
14,906,0.201086,0.375
14,907,0.035537977,0.25
14,908,0.25418627,0.5
14,909,0.114550054,0.625
14,910,0.17688912,0.5
14,911,0.20131092,0.125
14,912,0.09869452,0.5
14,913,0.1017747,0.5
14,914,0.20033056,0.5
14,915,0.08444199,0.75
14,916,0.094995946,0.375
14,917,0.12432698,0.75
14,918,0.20867196,0.25
14,919,0.13073866,0.875
14,920,0.15362878,0.875
14,921,0.056895703,0.5
14,922,0.13456334,0.625
14,923,0.054353707,0.5
14,924,0.11214253,0.75
14,925,0.021343376,0.5
14,926,0.057141844,0.625
14,927,0.11115053,0.5
14,928,0.09594379,0.625
14,929,0.21627654,0.5
14,930,0.08481461,0.25
14,931,0.15231816,0.875
14,932,0.073712945,0.375
14,933,0.12595369,0.5
14,934,0.2837558,0.75
14,935,0.19024362,0.5
14,936,0.20427649,0.5
14,937,0.2343756,0.625
14,938,0.07705901,0.875
14,939,0.012728324,0.75
14,940,0.13480769,0.875
14,941,0.061393537,0.625
14,942,0.09688282,0.75
14,943,0.057351794,0.5
14,944,0.17931548,0.625
14,945,0.070971645,0.75
14,946,0.09526375,0.625
14,947,0.11468492,0.875
14,948,0.030105846,0.25
14,949,0.14457412,0.625
14,950,0.22728461,0.625
14,951,0.1549893,0.75
14,952,0.064687595,1.0
15,953,0.13919479,0.75
15,954,0.098544784,0.5
15,955,0.083169065,0.5
15,956,0.16752107,0.5
15,957,0.1265665,0.625
15,958,0.1546437,0.5
15,959,0.13950202,0.375
15,960,0.13289505,1.0
15,961,0.20017888,0.5
15,962,0.078872696,0.75
15,963,0.108360015,0.625
15,964,0.13408495,0.5
15,965,0.12649299,0.5
15,966,0.22090384,0.75
15,967,0.08775018,0.625
15,968,0.22680803,0.5
15,969,0.05600955,0.625
15,970,0.07171845,0.5
15,971,0.12218613,0.5
15,972,0.060604922,0.75
15,973,0.12886795,0.375
15,974,0.2573648,0.375
15,975,0.038253672,0.25
15,976,0.15513761,0.75
15,977,0.11313485,0.625
15,978,0.1755392,0.875
15,979,0.07010455,0.625
15,980,0.11554859,0.25
15,981,0.08892579,0.5
15,982,0.14335258,0.5
15,983,0.11117889,0.375
15,984,0.15485606,0.875
15,985,0.22404814,0.5
15,986,0.17681588,0.625
15,987,0.116958104,0.75
15,988,0.18189377,0.75
15,989,0.03585186,0.625
15,990,0.04360639,0.5
15,991,0.08652226,0.5
15,992,0.020891137,0.375
15,993,0.24664713,0.5
15,994,0.090971105,0.375
15,995,0.0756038,0.625
15,996,0.11524726,0.625
15,997,0.18338773,0.5
15,998,0.21756582,0.625
15,999,0.09436208,0.375
15,1000,0.06674666,0.875
15,1001,0.13388339,0.75
15,1002,0.054523233,0.5
15,1003,0.0588004,0.5
15,1004,0.06487593,0.375
15,1005,0.097757444,0.625
15,1006,0.10118301,0.875
15,1007,0.051502995,0.375
15,1008,0.12650765,0.25
15,1009,0.10031214,0.5
15,1010,0.036633316,0.625
15,1011,0.1273358,0.5
15,1012,0.09646582,0.625
15,1013,0.049132887,0.75
15,1014,0.102036454,0.5
15,1015,0.084622025,0.25
15,1016,0.10269632,0.375
15,1017,0.12731421,0.375
15,1018,0.22452058,0.875
15,1019,0.20858057,0.625
15,1020,0.43791115,0.0
16,1021,0.12633802,0.75
16,1022,0.113499746,0.625
16,1023,0.07435106,0.75
16,1024,0.099215135,0.75
16,1025,0.11549117,0.375
16,1026,0.1369782,0.5
16,1027,0.13814248,0.625
16,1028,0.08125493,0.75
16,1029,0.063497655,0.625
16,1030,0.05416293,0.5
16,1031,0.16363844,0.625
16,1032,0.073552385,0.5
16,1033,0.1397514,0.5
16,1034,0.054452453,0.875
16,1035,0.08866097,0.375
16,1036,0.07251296,0.625
16,1037,0.12206661,0.625
16,1038,0.18154047,0.625
16,1039,0.09506208,0.125
16,1040,0.09565183,0.5
16,1041,0.09289123,0.75
16,1042,0.07443805,0.75
16,1043,0.15273495,0.5
16,1044,0.16644198,0.625
16,1045,0.18360999,0.5
16,1046,0.25733846,0.5
16,1047,0.19089934,0.375
16,1048,0.11244359,0.5
16,1049,0.12639105,0.75
16,1050,0.12521632,0.625
16,1051,0.08870051,0.5
16,1052,0.10938868,0.625
16,1053,0.078753375,0.5
16,1054,0.16040713,0.75
16,1055,0.07452736,0.75
16,1056,0.15907371,0.5
16,1057,0.059672564,0.5
16,1058,0.08574021,0.75
16,1059,0.13079432,0.375
16,1060,0.06373128,0.5
16,1061,0.03863505,0.625
16,1062,0.09480824,0.5
16,1063,0.13239242,0.5
16,1064,0.09534314,0.5
16,1065,0.08827872,0.375
16,1066,0.15493359,0.625
16,1067,0.19964565,0.375
16,1068,0.13226165,0.625
16,1069,0.0756383,0.625
16,1070,0.0606428,0.5
16,1071,0.11138455,0.5
16,1072,0.14649609,0.75
16,1073,0.23143318,0.875
16,1074,0.14245756,0.875
16,1075,0.08207169,0.625
16,1076,0.07142855,0.625
16,1077,0.28788465,0.375
16,1078,0.077740334,0.5
16,1079,0.048278358,0.5
16,1080,0.18288879,0.625
16,1081,0.07204841,0.375
16,1082,0.034811486,0.625
16,1083,0.27984083,0.375
16,1084,0.13878216,0.75
16,1085,0.1669175,0.75
16,1086,0.11233844,0.5
16,1087,0.121613964,0.375
16,1088,0.29405808,1.0
17,1089,0.06295346,0.625
17,1090,0.076595105,0.5
17,1091,0.07247977,0.625
17,1092,0.036862448,0.5
17,1093,0.05297972,0.875
17,1094,0.08074819,0.25
17,1095,0.0883511,0.5
17,1096,0.19405155,0.375
17,1097,0.03640791,0.25
17,1098,0.024013458,0.625
17,1099,0.021626517,0.625
17,1100,0.200337,0.5
17,1101,0.0618627,0.5
17,1102,0.10106417,0.875
17,1103,0.10545039,0.5
17,1104,0.16103284,0.75
17,1105,0.13945608,0.375
17,1106,0.2169851,0.625
17,1107,0.039876666,0.875
17,1108,0.05090034,0.125
17,1109,0.1211121,0.75
17,1110,0.21197623,0.875
17,1111,0.07301682,0.75
17,1112,0.13357459,0.75
17,1113,0.106635004,0.5
17,1114,0.12609667,0.625
17,1115,0.24808328,0.5
17,1116,0.10968253,0.625
17,1117,0.1442723,0.375
17,1118,0.058704183,0.5
17,1119,0.062288694,0.625
17,1120,0.2140619,0.625
17,1121,0.15152076,0.375
17,1122,0.07929859,0.5
17,1123,0.022483025,0.625
17,1124,0.16219446,0.75
17,1125,0.065531544,0.375
17,1126,0.24154797,0.75
17,1127,0.10760119,0.375
17,1128,0.17264166,0.375
17,1129,0.12480659,0.625
17,1130,0.034048043,0.875
17,1131,0.19991261,0.625
17,1132,0.21682355,0.5
17,1133,0.13185146,0.75
17,1134,0.13313185,0.625
17,1135,0.053768933,0.5
17,1136,0.060502294,0.875
17,1137,0.054270886,0.75
17,1138,0.08240409,0.5
17,1139,0.28932828,0.5
17,1140,0.24023622,0.875
17,1141,0.17192475,0.5
17,1142,0.060262464,0.375
17,1143,0.10673489,0.25
17,1144,0.09572451,0.625
17,1145,0.1213513,0.5
17,1146,0.23275308,0.5
17,1147,0.06837204,0.625
17,1148,0.20647669,0.375
17,1149,0.15903112,0.5
17,1150,0.06809676,0.625
17,1151,0.12633729,0.625
17,1152,0.023024129,0.75
17,1153,0.09786966,0.75
17,1154,0.15180719,0.875
17,1155,0.0926855,0.625
17,1156,0.9794344,1.0
18,1157,0.1471383,0.625
18,1158,0.18713132,0.75
18,1159,0.08746675,0.5
18,1160,0.13220401,0.5
18,1161,0.16448197,0.5
18,1162,0.15946996,0.375
18,1163,0.14260189,0.625
18,1164,0.07001205,0.75
18,1165,0.015552308,0.75
18,1166,0.0476336,0.5
18,1167,0.13137229,0.625
18,1168,0.015076157,0.5
18,1169,0.1025041,0.375
18,1170,0.054042418,0.625
18,1171,0.09104752,0.625
18,1172,0.15889236,0.375
18,1173,0.13191083,0.75
18,1174,0.09427661,0.75
18,1175,0.05937091,0.625
18,1176,0.23500498,0.625
18,1177,0.009445155,0.25
18,1178,0.06261625,0.375
18,1179,0.05009203,0.375
18,1180,0.06214669,0.75
18,1181,0.11464681,0.625
18,1182,0.17458679,0.75
18,1183,0.18018067,0.875
18,1184,0.113750264,0.625
18,1185,0.08273371,1.0
18,1186,0.1029945,0.5
18,1187,0.10053496,0.375
18,1188,0.0950465,0.5
18,1189,0.018121105,0.25
18,1190,0.16757822,0.75
18,1191,0.16020475,0.625
18,1192,0.06645912,0.375
18,1193,0.102605656,0.625
18,1194,0.22161666,0.875
18,1195,0.15385303,0.625
18,1196,0.13237421,0.75
18,1197,0.17254771,0.5
18,1198,0.0977103,0.625
18,1199,0.041975636,0.25
18,1200,0.1392817,0.625
18,1201,0.05110187,0.25
18,1202,0.053839777,0.75
18,1203,0.112751134,0.625
18,1204,0.121688485,0.5
18,1205,0.13354824,0.625
18,1206,0.12684932,0.25
18,1207,0.2338782,0.625
18,1208,0.14167553,0.75
18,1209,0.21057484,0.625
18,1210,0.07069599,0.625
18,1211,0.10578537,0.625
18,1212,0.19176838,0.5
18,1213,0.17266312,0.625
18,1214,0.1808038,0.75
18,1215,0.09864011,0.375
18,1216,0.22640096,0.625
18,1217,0.05715239,0.625
18,1218,0.19661912,0.25
18,1219,0.019738866,0.5
18,1220,0.056638516,0.75
18,1221,0.1965661,0.5
18,1222,0.21814275,0.625
18,1223,0.087143764,0.75
18,1224,0.09737544,0.0
19,1225,0.19453834,0.75
19,1226,0.09545707,0.5
19,1227,0.1677057,0.125
19,1228,0.08987586,0.625
19,1229,0.029630035,0.625
19,1230,0.079671465,0.5
19,1231,0.10558138,0.625
19,1232,0.13360961,0.5
19,1233,0.08733005,0.75
19,1234,0.09851157,0.5
19,1235,0.09493847,0.25
19,1236,0.18948244,0.625
19,1237,0.03566141,0.75
19,1238,0.061189838,0.625
19,1239,0.15281698,0.25
19,1240,0.08844687,0.5
19,1241,0.19268401,0.5
19,1242,0.16251372,0.5
19,1243,0.10116468,0.75
19,1244,0.13615431,0.5
19,1245,0.06130218,0.375
19,1246,0.13412744,0.875
19,1247,0.2917914,0.625
19,1248,0.20971195,0.625
19,1249,0.09632293,0.25
19,1250,0.19747423,0.625
19,1251,0.058144808,0.75
19,1252,0.17583132,0.25
19,1253,0.1734395,0.625
19,1254,0.13100676,0.5
19,1255,0.13625413,1.0
19,1256,0.0898613,0.75
19,1257,0.08533685,0.75
19,1258,0.07366516,0.625
19,1259,0.09218427,0.75
19,1260,0.11081907,0.5
19,1261,0.07302016,0.625
19,1262,0.013249101,0.75
19,1263,0.09433363,0.375
19,1264,0.1881075,0.75
19,1265,0.24169749,0.375
19,1266,0.026353696,0.5
19,1267,0.12499487,0.5
19,1268,0.12784491,0.625
19,1269,0.05994909,0.625
19,1270,0.18062155,0.75
19,1271,0.20684068,0.375
19,1272,0.18100409,0.5
19,1273,0.05136898,0.75
19,1274,0.06011712,0.625
19,1275,0.16693701,0.75
19,1276,0.06605135,0.25
19,1277,0.16390964,0.75
19,1278,0.03440392,0.375
19,1279,0.07357624,0.5
19,1280,0.10996989,0.5
19,1281,0.08691042,0.625
19,1282,0.114536464,0.75
19,1283,0.06346363,0.625
19,1284,0.15183279,0.375
19,1285,0.15584198,0.5
19,1286,0.1688558,0.5
19,1287,0.044292077,0.75
19,1288,0.107628554,0.875
19,1289,0.040812947,0.875
19,1290,0.10454617,0.5
19,1291,0.13472071,0.75
19,1292,0.43662712,1.0
20,1293,0.13166887,0.5
20,1294,0.13105878,0.375
20,1295,0.13929723,0.5
20,1296,0.11133498,1.0
20,1297,0.0746181,0.625
20,1298,0.0138028795,0.625
20,1299,0.12570767,0.5
20,1300,0.11969023,0.625
20,1301,0.1186486,0.5
20,1302,0.1335478,0.875
20,1303,0.087471545,0.625
20,1304,0.11419903,0.5
20,1305,0.10020457,0.625
20,1306,0.14021951,0.375
20,1307,0.050553486,0.875
20,1308,0.12694284,0.625
20,1309,0.09725997,0.5
20,1310,0.2595178,0.375
20,1311,0.11732822,0.5
20,1312,0.024966873,0.625
20,1313,0.08698399,0.875
20,1314,0.168199,0.5
20,1315,0.043762114,0.375
20,1316,0.21043205,0.75
20,1317,0.21816592,0.375
20,1318,0.13035715,0.5
20,1319,0.16311333,0.5
20,1320,0.107456446,0.625
20,1321,0.1376493,0.625
20,1322,0.1537936,0.5
20,1323,0.15900412,0.75
20,1324,0.0674089,0.5
20,1325,0.059013177,0.5
20,1326,0.06367287,0.625
20,1327,0.089879915,0.5
20,1328,0.16532579,0.75
20,1329,0.17440411,0.625
20,1330,0.18184534,0.375
20,1331,0.18328778,0.625
20,1332,0.096392855,0.875
20,1333,0.15519786,0.5
20,1334,0.061474737,0.75
20,1335,0.12959819,0.5
20,1336,0.02863116,0.5
20,1337,0.17405084,0.625
20,1338,0.19354531,0.625
20,1339,0.08767564,0.375
20,1340,0.06033185,0.25
20,1341,0.11777158,0.75
20,1342,0.1475449,0.625
20,1343,0.09033634,1.0
20,1344,0.12997352,0.5
20,1345,0.081103645,0.625
20,1346,0.0642207,0.625
20,1347,0.049498767,0.5
20,1348,0.1518333,0.5
20,1349,0.039175548,0.75
20,1350,0.16047034,0.625
20,1351,0.16526006,0.5
20,1352,0.15727219,0.375
20,1353,0.04034355,0.75
20,1354,0.20023541,0.625
20,1355,0.06410837,0.5
20,1356,0.034121566,0.625
20,1357,0.12845571,0.125
20,1358,0.15756878,0.75
20,1359,0.1036191,0.375
20,1360,0.063697055,1.0
21,1361,0.07945195,0.375
21,1362,0.14492056,0.25
21,1363,0.04101395,0.5
21,1364,0.09020895,0.375
21,1365,0.211359,0.75
21,1366,0.15391695,0.25
21,1367,0.15528256,0.75
21,1368,0.12782384,0.875
21,1369,0.16421144,0.5
21,1370,0.17734694,0.5
21,1371,0.05956082,0.75
21,1372,0.18054076,0.375
21,1373,0.22676435,0.625
21,1374,0.09350043,0.375
21,1375,0.07237499,0.75
21,1376,0.0404126,0.875
21,1377,0.09608935,0.625
21,1378,0.102761336,0.75
21,1379,0.053471602,0.5
21,1380,0.0997962,0.625
21,1381,0.16550627,0.875
21,1382,0.21867168,0.625
21,1383,0.19651923,0.625
21,1384,0.028089993,0.875
21,1385,0.14626668,0.5
21,1386,0.024845166,0.625
21,1387,0.04553943,0.375
21,1388,0.10964315,0.75
21,1389,0.16827281,0.875
21,1390,0.22619978,0.625
21,1391,0.23135248,0.375
21,1392,0.20570555,0.75
21,1393,0.09767385,0.375
21,1394,0.1302349,0.625
21,1395,0.13055009,1.0
21,1396,0.073359795,0.625
21,1397,0.055424035,0.625
21,1398,0.06993977,0.625
21,1399,0.12443347,0.75
21,1400,0.14718322,0.5
21,1401,0.08378559,0.75
21,1402,0.13142045,0.25
21,1403,0.057041578,0.625
21,1404,0.0978818,0.375
21,1405,0.030085873,0.875
21,1406,0.09466485,0.625
21,1407,0.05400204,0.25
21,1408,0.07999057,0.5
21,1409,0.08613009,0.25
21,1410,0.07835952,0.75
21,1411,0.09733187,0.625
21,1412,0.06611447,0.625
21,1413,0.1125262,0.5
21,1414,0.16409753,0.375
21,1415,0.05485563,0.625
21,1416,0.14269182,0.375
21,1417,0.20020391,0.875
21,1418,0.16915348,0.625
21,1419,0.26657897,0.375
21,1420,0.08210953,0.5
21,1421,0.1251411,0.625
21,1422,0.12046467,0.625
21,1423,0.10401878,0.625
21,1424,0.031255998,0.375
21,1425,0.051024143,0.75
21,1426,0.046788916,0.375
21,1427,0.22325279,0.375
21,1428,6.7774345e-05,0.0
22,1429,0.06453127,0.375
22,1430,0.0999957,0.5
22,1431,0.049485017,0.625
22,1432,0.04766363,0.75
22,1433,0.08204709,0.375
22,1434,0.088243134,0.5
22,1435,0.0985978,0.375
22,1436,0.06175162,0.5
22,1437,0.02704838,0.75
22,1438,0.16630962,1.0
22,1439,0.20972407,0.75
22,1440,0.19646506,0.25
22,1441,0.13046111,0.5
22,1442,0.046023995,0.625
22,1443,0.071715035,0.75
22,1444,0.05444291,0.625
22,1445,0.10684304,0.875
22,1446,0.22745688,0.625
22,1447,0.102039486,0.875
22,1448,0.14719674,0.875
22,1449,0.11017186,0.375
22,1450,0.08084874,0.375
22,1451,0.030867023,0.75
22,1452,0.11537094,0.625
22,1453,0.23195496,0.5
22,1454,0.1541897,0.25
22,1455,0.1170908,0.75
22,1456,0.14206538,0.5
22,1457,0.19987318,0.625
22,1458,0.28717005,0.5
22,1459,0.060024023,0.375
22,1460,0.09840444,0.625
22,1461,0.17151776,0.75
22,1462,0.095837206,0.5
22,1463,0.09472259,0.625
22,1464,0.0617679,0.5
22,1465,0.07032607,0.75
22,1466,0.08697084,0.375
22,1467,0.0979536,0.75
22,1468,0.074992366,0.5
22,1469,0.11092302,0.25
22,1470,0.07035708,0.625
22,1471,0.14653085,0.625
22,1472,0.018710896,0.75
22,1473,0.07093037,0.75
22,1474,0.103256285,0.5
22,1475,0.2094369,0.375
22,1476,0.08097768,0.625
22,1477,0.27165622,0.625
22,1478,0.18243264,0.875
22,1479,0.11109053,0.75
22,1480,0.04782723,0.5
22,1481,0.16890806,0.5
22,1482,0.03587929,0.5
22,1483,0.0633958,0.5
22,1484,0.066757716,0.5
22,1485,0.117510654,0.5
22,1486,0.09761599,0.875
22,1487,0.07465275,0.25
22,1488,0.2141844,0.25
22,1489,0.07329208,0.5
22,1490,0.164558,0.625
22,1491,0.30907238,0.75
22,1492,0.14079227,0.125
22,1493,0.22960922,0.875
22,1494,0.089277565,0.625
22,1495,0.05292442,0.5
22,1496,0.13596593,1.0
23,1497,0.056490652,0.875
23,1498,0.1417636,0.25
23,1499,0.13537236,0.75
23,1500,0.044729035,0.75
23,1501,0.1281513,0.5
23,1502,0.22923556,0.75
23,1503,0.10725518,0.625
23,1504,0.1307229,0.625
23,1505,0.11714549,0.75
23,1506,0.01769305,0.375
23,1507,0.10028705,0.5
23,1508,0.121885054,0.625
23,1509,0.21544644,0.5
23,1510,0.051630672,0.375
23,1511,0.060679473,0.75
23,1512,0.11738135,0.75
23,1513,0.1167207,0.625
23,1514,0.12666048,0.375
23,1515,0.046457022,0.5
23,1516,0.124067314,0.375
23,1517,0.020862022,0.5
23,1518,0.026237283,0.5
23,1519,0.08866457,0.75
23,1520,0.11321873,0.625
23,1521,0.09852984,0.875
23,1522,0.07138473,0.875
23,1523,0.2765583,0.625
23,1524,0.236159,0.5
23,1525,0.10402941,0.375
23,1526,0.0585017,0.25
23,1527,0.104711786,0.875
23,1528,0.14084364,0.625
23,1529,0.13789406,0.625
23,1530,0.043549214,0.5
23,1531,0.1191102,0.625
23,1532,0.21861455,0.5
23,1533,0.122237846,0.375
23,1534,0.05158643,0.75
23,1535,0.14617723,0.625
23,1536,0.051692978,0.625
23,1537,0.07342554,0.625
23,1538,0.1175315,0.625
23,1539,0.26113954,0.5
23,1540,0.15274782,0.5
23,1541,0.13915373,0.625
23,1542,0.03940802,0.625
23,1543,0.03976469,0.625
23,1544,0.07367945,0.5
23,1545,0.20887028,0.875
23,1546,0.091731906,0.875
23,1547,0.059475895,0.25
23,1548,0.12649688,0.375
23,1549,0.09115691,0.25
23,1550,0.1640858,0.75
23,1551,0.09768123,0.75
23,1552,0.17349379,0.5
23,1553,0.09026187,0.5
23,1554,0.08742454,0.5
23,1555,0.079995446,0.25
23,1556,0.23677453,0.5
23,1557,0.18108158,0.375
23,1558,0.09494932,0.5
23,1559,0.23265448,0.75
23,1560,0.14763597,0.5
23,1561,0.15024246,0.875
23,1562,0.025832467,0.625
23,1563,0.12500715,0.625
23,1564,0.007305797,1.0
24,1565,0.09911972,0.625
24,1566,0.08864482,0.5
24,1567,0.11098015,0.625
24,1568,0.054060236,0.5
24,1569,0.12939969,0.875
24,1570,0.09159599,0.375
24,1571,0.11123813,0.75
24,1572,0.043206513,0.5
24,1573,0.08584166,0.375
24,1574,0.053491108,0.75
24,1575,0.21048892,0.375
24,1576,0.06053831,0.5
24,1577,0.07952269,0.625
24,1578,0.02256787,0.375
24,1579,0.17867687,0.375
24,1580,0.08982383,0.625
24,1581,0.13863869,0.5
24,1582,0.0695417,0.75
24,1583,0.0862026,0.75
24,1584,0.119216934,0.75
24,1585,0.13992983,0.375
24,1586,0.13771583,0.875
24,1587,0.12864155,0.375
24,1588,0.21259572,0.5
24,1589,0.15287276,0.5
24,1590,0.15204224,0.375
24,1591,0.1074365,0.5
24,1592,0.16930507,0.75
24,1593,0.018260218,0.5
24,1594,0.079150125,0.5
24,1595,0.074972235,0.75
24,1596,0.15638581,0.75
24,1597,0.16053098,0.375
24,1598,0.112894714,0.25
24,1599,0.06492808,0.5
24,1600,0.14099637,0.625
24,1601,0.1854862,0.75
24,1602,0.13400887,0.375
24,1603,0.1290887,0.625
24,1604,0.041111913,0.75
24,1605,0.07117005,0.375
24,1606,0.08439748,0.75
24,1607,0.13509116,0.625
24,1608,0.14452748,0.5
24,1609,0.10343914,0.375
24,1610,0.025001975,0.5
24,1611,0.254178,0.75
24,1612,0.055983674,0.625
24,1613,0.16027108,0.75
24,1614,0.17810208,0.875
24,1615,0.13574329,0.625
24,1616,0.12746395,0.75
24,1617,0.14007461,0.375
24,1618,0.18251993,0.375
24,1619,0.11295307,0.5
24,1620,0.08800611,0.75
24,1621,0.08562882,0.5
24,1622,0.090985,0.375
24,1623,0.043250762,0.75
24,1624,0.24535881,0.75
24,1625,0.101838544,0.625
24,1626,0.16113047,0.75
24,1627,0.106759325,0.5
24,1628,0.11271863,0.625
24,1629,0.15189405,0.5
24,1630,0.13136426,0.75
24,1631,0.11724896,0.5
24,1632,0.00035799973,1.0
25,1633,0.040636417,0.375
25,1634,0.04990629,0.5
25,1635,0.19535857,0.75
25,1636,0.09759003,0.625
25,1637,0.05350647,0.75
25,1638,0.062599234,0.375
25,1639,0.06751006,0.75
25,1640,0.12558109,0.5
25,1641,0.09939916,0.25
25,1642,0.08374979,0.75
25,1643,0.111664504,0.25
25,1644,0.23385894,0.375
25,1645,0.16655606,0.75
25,1646,0.115944564,0.375
25,1647,0.063291065,0.5
25,1648,0.037103236,0.375
25,1649,0.028898679,0.25
25,1650,0.1958972,0.75
25,1651,0.024566894,0.625
25,1652,0.22467619,0.5
25,1653,0.0825344,0.625
25,1654,0.1560644,0.5
25,1655,0.053497627,0.375
25,1656,0.1258046,0.75
25,1657,0.0988524,0.625
25,1658,0.14736147,0.75
25,1659,0.1771276,0.625
25,1660,0.09047087,0.75
25,1661,0.0724394,0.625
25,1662,0.18053906,0.375
25,1663,0.19866093,0.375
25,1664,0.1105452,0.5
25,1665,0.100567125,0.625
25,1666,0.09458336,0.625
25,1667,0.088788524,0.625
25,1668,0.34763163,0.625
25,1669,0.11582653,0.75
25,1670,0.1689373,0.625
25,1671,0.069354065,0.5
25,1672,0.12502417,1.0
25,1673,0.024718238,0.5
25,1674,0.11074823,0.5
25,1675,0.0755546,0.625
25,1676,0.18543896,0.375
25,1677,0.08738808,0.625
25,1678,0.22399548,0.5
25,1679,0.0935459,0.5
25,1680,0.120105624,0.125
25,1681,0.20744738,0.5
25,1682,0.19738257,0.625
25,1683,0.04693205,0.625
25,1684,0.0946994,0.375
25,1685,0.044326756,0.625
25,1686,0.11298399,0.875
25,1687,0.11658008,0.75
25,1688,0.08295726,0.875
25,1689,0.13572237,0.625
25,1690,0.014919033,0.5
25,1691,0.08562782,0.625
25,1692,0.12725136,0.625
25,1693,0.09441153,0.375
25,1694,0.14285937,0.75
25,1695,0.13258034,0.5
25,1696,0.0145573,0.625
25,1697,0.10745799,0.75
25,1698,0.24210295,0.625
25,1699,0.099650085,0.625
25,1700,0.32386702,1.0
26,1701,0.11973246,0.75
26,1702,0.09174172,0.375
26,1703,0.085097276,0.625
26,1704,0.07986597,0.5
26,1705,0.24366038,0.375
26,1706,0.0509411,0.75
26,1707,0.04956247,0.5
26,1708,0.10780734,0.5
26,1709,0.191969,0.625
26,1710,0.12747112,0.5
26,1711,0.04976193,0.375
26,1712,0.092388585,0.75
26,1713,0.16151848,0.625
26,1714,0.17434081,0.625
26,1715,0.04454279,0.5
26,1716,0.10127317,0.375
26,1717,0.06671234,0.625
26,1718,0.17327836,0.625
26,1719,0.1751144,0.875
26,1720,0.025640184,0.375
26,1721,0.12686495,0.625
26,1722,0.17362824,0.5
26,1723,0.2632299,0.5
26,1724,0.10303898,0.5
26,1725,0.08020105,0.375
26,1726,0.05179876,0.75
26,1727,0.24805711,0.625
26,1728,0.10168242,0.625
26,1729,0.15367043,0.625
26,1730,0.060769428,0.875
26,1731,0.15817076,0.875
26,1732,0.14853181,0.625
26,1733,0.088997595,0.625
26,1734,0.085676886,0.5
26,1735,0.14136612,0.75
26,1736,0.071310565,0.25
26,1737,0.06699834,0.625
26,1738,0.08156,0.5
26,1739,0.070522174,0.75
26,1740,0.28292572,0.75
26,1741,0.14199165,0.625
26,1742,0.03422335,0.5
26,1743,0.11161678,0.625
26,1744,0.16124393,0.75
26,1745,0.07621109,0.5
26,1746,0.0870688,0.5
26,1747,0.044844948,0.25
26,1748,0.13000026,0.375
26,1749,0.07141276,0.625
26,1750,0.06500523,0.875
26,1751,0.08242794,0.5
26,1752,0.21444419,0.5
26,1753,0.24479717,0.375
26,1754,0.016617594,0.5
26,1755,0.11206499,0.875
26,1756,0.12826127,0.5
26,1757,0.10332392,0.625
26,1758,0.10257958,0.375
26,1759,0.15556502,0.375
26,1760,0.16742466,0.375
26,1761,0.06626855,0.5
26,1762,0.03626438,0.75
26,1763,0.07828187,0.25
26,1764,0.10604745,0.625
26,1765,0.04052366,0.875
26,1766,0.13202524,0.625
26,1767,0.24861471,0.625
26,1768,0.0003609442,0.0
27,1769,0.1159218,0.75
27,1770,0.077004835,0.375
27,1771,0.017058577,0.75
27,1772,0.0860184,0.375
27,1773,0.116509065,0.5
27,1774,0.15547249,0.875
27,1775,0.11784137,0.625
27,1776,0.10957075,1.0
27,1777,0.2080828,0.75
27,1778,0.075532876,0.375
27,1779,0.06343192,0.5
27,1780,0.030839989,0.625
27,1781,0.09148386,0.375
27,1782,0.0798495,0.625
27,1783,0.06453012,0.625
27,1784,0.13578945,0.5
27,1785,0.15105285,0.375
27,1786,0.14955835,0.75
27,1787,0.25321826,0.75
27,1788,0.037152544,0.875
27,1789,0.21911134,0.375
27,1790,0.06334969,0.75
27,1791,0.13534433,0.625
27,1792,0.047993105,0.375
27,1793,0.051898573,0.625
27,1794,0.1563317,0.375
27,1795,0.08795541,0.25
27,1796,0.111457616,0.5
27,1797,0.13800983,0.625
27,1798,0.1724284,0.5
27,1799,0.108394824,0.75
27,1800,0.072005965,0.625
27,1801,0.14389053,0.125
27,1802,0.040601462,0.875
27,1803,0.090819,0.5
27,1804,0.07037684,0.5
27,1805,0.22895771,0.5
27,1806,0.0059731705,0.625
27,1807,0.11399164,0.75
27,1808,0.06609973,0.5
27,1809,0.103433535,0.5
27,1810,0.09331709,0.5
27,1811,0.15185778,0.5
27,1812,0.15366438,0.625
27,1813,0.06683553,0.875
27,1814,0.07889842,0.625
27,1815,0.18922797,0.75
27,1816,0.092157856,0.375
27,1817,0.12027078,0.5
27,1818,0.18468243,0.5
27,1819,0.09870859,0.5
27,1820,0.19688869,0.75
27,1821,0.07542754,0.75
27,1822,0.12634142,0.75
27,1823,0.036968794,0.25
27,1824,0.030724097,0.5
27,1825,0.2021697,0.25
27,1826,0.22964302,0.5
27,1827,0.13037613,0.625
27,1828,0.23154,0.5
27,1829,0.112566635,0.625
27,1830,0.12665594,0.75
27,1831,0.13159347,0.625
27,1832,0.1048278,0.75
27,1833,0.08116711,0.125
27,1834,0.15691826,0.625
27,1835,0.14010249,0.625
27,1836,0.12169435,0.0
28,1837,0.10026529,0.375
28,1838,0.06067874,0.875
28,1839,0.0585442,0.5
28,1840,0.01932955,0.375
28,1841,0.13947004,0.75
28,1842,0.22431631,0.625
28,1843,0.046769757,0.625
28,1844,0.2609204,0.75
28,1845,0.101011306,0.625
28,1846,0.17326933,0.5
28,1847,0.106080025,0.375
28,1848,0.084529184,0.625
28,1849,0.05607233,0.5
28,1850,0.22344974,0.625
28,1851,0.12047163,0.5
28,1852,0.120091975,0.75
28,1853,0.10403569,0.75
28,1854,0.08754207,0.5
28,1855,0.055661745,0.625
28,1856,0.16363958,0.75
28,1857,0.13896124,0.625
28,1858,0.068110555,0.875
28,1859,0.11514685,0.375
28,1860,0.18988977,0.5
28,1861,0.12022441,0.25
28,1862,0.07540913,0.5
28,1863,0.119407706,0.5
28,1864,0.049701445,0.625
28,1865,0.07792247,0.375
28,1866,0.066175714,0.75
28,1867,0.048762545,0.5
28,1868,0.035800174,0.375
28,1869,0.12971875,0.375
28,1870,0.04819421,0.5
28,1871,0.15954114,0.375
28,1872,0.2537809,0.625
28,1873,0.09072218,0.625
28,1874,0.051872887,0.25
28,1875,0.08431783,0.375
28,1876,0.052345924,0.875
28,1877,0.10500536,0.75
28,1878,0.14253728,0.5
28,1879,0.19533555,0.5
28,1880,0.21966514,1.0
28,1881,0.14466232,0.5
28,1882,0.193679,0.375
28,1883,0.090259045,0.5
28,1884,0.12750787,0.375
28,1885,0.13499348,0.625
28,1886,0.088670634,0.5
28,1887,0.18522102,0.625
28,1888,0.16925442,0.5
28,1889,0.08812588,0.625
28,1890,0.061408266,0.875
28,1891,0.12775277,0.875
28,1892,0.11559807,0.875
28,1893,0.14026596,0.5
28,1894,0.20729822,0.375
28,1895,0.046879034,0.5
28,1896,0.041355114,0.75
28,1897,0.06578707,0.625
28,1898,0.0700287,0.375
28,1899,0.12018715,0.75
28,1900,0.07657544,0.375
28,1901,0.14153162,0.625
28,1902,0.2062178,0.5
28,1903,0.10038097,0.625
28,1904,0.21943809,0.0
29,1905,0.20291257,0.5
29,1906,0.07465615,0.5
29,1907,0.19339502,0.5
29,1908,0.03686076,0.75
29,1909,0.14871316,0.375
29,1910,0.1025314,0.5
29,1911,0.11545465,0.625
29,1912,0.14005923,0.5
29,1913,0.20774823,0.75
29,1914,0.16786495,0.375
29,1915,0.14526801,0.625
29,1916,0.16582696,0.25
29,1917,0.24170625,0.625
29,1918,0.009951869,0.375
29,1919,0.1472453,0.625
29,1920,0.10475938,0.5
29,1921,0.17480324,0.75
29,1922,0.0980711,0.625
29,1923,0.19819754,0.375
29,1924,0.051946938,0.625
29,1925,0.09779821,0.625
29,1926,0.16929099,0.5
29,1927,0.08722104,0.375
29,1928,0.0150466,0.625
29,1929,0.15523198,0.125
29,1930,0.17286459,0.5
29,1931,0.18735969,1.0
29,1932,0.04442815,0.5
29,1933,0.09546207,0.5
29,1934,0.016344123,0.375
29,1935,0.05551645,0.75
29,1936,0.13812356,0.625
29,1937,0.11973024,0.5
29,1938,0.14628449,0.5
29,1939,0.020189315,0.625
29,1940,0.08701334,0.5
29,1941,0.17965205,0.875
29,1942,0.056066718,0.625
29,1943,0.0716477,0.5
29,1944,0.19191428,0.75
29,1945,0.0680658,0.375
29,1946,0.14851323,0.625
29,1947,0.096594505,0.5
29,1948,0.06578047,0.375
29,1949,0.11229061,0.75
29,1950,0.23000365,0.75
29,1951,0.1595843,0.5
29,1952,0.06778319,0.5
29,1953,0.089064114,0.75
29,1954,0.012607519,0.375
29,1955,0.16492139,0.75
29,1956,0.0034365584,0.5
29,1957,0.24077623,0.75
29,1958,0.0473258,0.875
29,1959,0.21117853,0.75
29,1960,0.10908881,0.375
29,1961,0.065046936,0.5
29,1962,0.07449191,0.625
29,1963,0.13619564,0.5
29,1964,0.15716001,0.75
29,1965,0.06801709,0.375
29,1966,0.12327477,0.5
29,1967,0.03700006,0.625
29,1968,0.035475314,0.625
29,1969,0.10667239,0.625
29,1970,0.113793604,0.625
29,1971,0.12664104,0.75
29,1972,0.0069841533,1.0
30,1973,0.13312973,0.375
30,1974,0.14755774,0.75
30,1975,0.17251197,0.25
30,1976,0.08396831,0.5
30,1977,0.108110026,0.625
30,1978,0.10258042,0.75
30,1979,0.18906432,0.625
30,1980,0.059063394,0.875
30,1981,0.07358951,1.0
30,1982,0.14581363,0.5
30,1983,0.12690371,0.75
30,1984,0.07742076,0.75
30,1985,0.116562635,0.75
30,1986,0.20270538,0.375
30,1987,0.16676025,0.5
30,1988,0.111399144,0.5
30,1989,0.07172585,0.5
30,1990,0.091709234,0.625
30,1991,0.019965209,0.5
30,1992,0.033875946,0.75
30,1993,0.16199723,0.375
30,1994,0.10810814,0.625
30,1995,0.040804643,0.5
30,1996,0.05869408,0.625
30,1997,0.014910512,0.625
30,1998,0.13366026,0.625
30,1999,0.09152027,0.625
30,2000,0.09039344,0.375
30,2001,0.20841143,0.625
30,2002,0.0719736,0.875
30,2003,0.14025226,0.375
30,2004,0.11894842,0.75
30,2005,0.16126709,0.875
30,2006,0.14909413,0.375
30,2007,0.044744223,0.375
30,2008,0.15695289,0.375
30,2009,0.040282663,0.625
30,2010,0.15240969,0.5
30,2011,0.1028627,0.25
30,2012,0.13179523,0.625
30,2013,0.07075183,0.625
30,2014,0.06753417,0.75
30,2015,0.16285478,0.5
30,2016,0.14913914,0.75
30,2017,0.12924331,0.5
30,2018,0.106837265,0.75
30,2019,0.10649233,0.375
30,2020,0.06627272,0.25
30,2021,0.06201823,0.125
30,2022,0.17274344,0.375
30,2023,0.042929757,0.625
30,2024,0.15595041,0.5
30,2025,0.08377249,0.5
30,2026,0.109542444,0.5
30,2027,0.10236047,0.875
30,2028,0.16293973,0.375
30,2029,0.096825965,0.625
30,2030,0.1808637,0.375
30,2031,0.20987463,0.5
30,2032,0.05807624,1.0
30,2033,0.20248282,0.5
30,2034,0.13889602,0.75
30,2035,0.18492344,0.75
30,2036,0.07650461,0.5
30,2037,0.057672836,0.5
30,2038,0.09529328,0.625
30,2039,0.2231168,0.625
30,2040,0.06468685,0.0
31,2041,0.08683408,0.75
31,2042,0.13072519,0.625
31,2043,0.1615878,0.875
31,2044,0.06915363,0.5
31,2045,0.14585315,0.75
31,2046,0.09472196,0.75
31,2047,0.17353335,0.375
31,2048,0.057859678,0.75
31,2049,0.047753718,0.5
31,2050,0.13857505,0.75
31,2051,0.072702944,0.625
31,2052,0.09473865,0.625
31,2053,0.01998497,0.5
31,2054,0.20543969,0.5
31,2055,0.12296859,0.625
31,2056,0.18754186,0.25
31,2057,0.06320518,0.25
31,2058,0.082162306,0.125
31,2059,0.02961974,0.75
31,2060,0.17037773,0.625
31,2061,0.089994125,0.375
31,2062,0.15960766,0.375
31,2063,0.18408707,0.5
31,2064,0.032983575,0.375
31,2065,0.065632485,0.375
31,2066,0.04329455,0.5
31,2067,0.063898146,0.75
31,2068,0.12112687,0.625
31,2069,0.049968578,0.625
31,2070,0.1941654,0.625
31,2071,0.12720783,0.625
31,2072,0.059484325,0.625
31,2073,0.026721315,0.625
31,2074,0.20320871,0.625
31,2075,0.025097981,0.375
31,2076,0.039459184,0.75
31,2077,0.21788998,0.5
31,2078,0.07667936,0.75
31,2079,0.09977574,0.75
31,2080,0.20636931,0.375
31,2081,0.05459092,0.375
31,2082,0.3609915,0.625
31,2083,0.11381646,0.625
31,2084,0.07510286,0.75
31,2085,0.24564162,0.375
31,2086,0.11957063,0.5
31,2087,0.13479197,0.75
31,2088,0.13726549,0.5
31,2089,0.07905231,0.25
31,2090,0.1335232,1.0
31,2091,0.14897929,0.375
31,2092,0.12921903,0.625
31,2093,0.14179285,0.5
31,2094,0.14338773,0.625
31,2095,0.11437534,0.625
31,2096,0.020566493,0.375
31,2097,0.17102295,0.625
31,2098,0.06644927,0.5
31,2099,0.06015537,0.75
31,2100,0.19630098,0.375
31,2101,0.09174026,0.5
31,2102,0.22485197,0.875
31,2103,0.09219699,0.625
31,2104,0.17330381,0.375
31,2105,0.10498469,0.5
31,2106,0.04344827,0.75
31,2107,0.06671752,0.75
31,2108,0.016892705,1.0
32,2109,0.053211536,0.5
32,2110,0.058634833,0.75
32,2111,0.039513938,0.625
32,2112,0.23449339,0.375
32,2113,0.0964956,0.375
32,2114,0.107695274,1.0
32,2115,0.19653815,0.5
32,2116,0.10247563,0.5
32,2117,0.06349662,0.5
32,2118,0.14063859,0.625
32,2119,0.03597771,0.25
32,2120,0.08527393,0.75
32,2121,0.10724331,0.5
32,2122,0.17210345,0.375
32,2123,0.1584197,0.625
32,2124,0.1371557,0.625
32,2125,0.16900718,0.375
32,2126,0.066802695,0.625
32,2127,0.05052469,0.875
32,2128,0.12561922,0.375
32,2129,0.090563856,0.5
32,2130,0.023360357,0.5
32,2131,0.03991008,0.875
32,2132,0.12899339,0.625
32,2133,0.060380306,0.75
32,2134,0.13907665,0.625
32,2135,0.059765443,0.625
32,2136,0.22785527,0.5
32,2137,0.15334013,0.75
32,2138,0.07529975,0.625
32,2139,0.06417622,0.75
32,2140,0.07623214,0.875
32,2141,0.048875004,0.625
32,2142,0.12962988,0.625
32,2143,0.13652499,0.25
32,2144,0.17978589,0.625
32,2145,0.063834354,0.875
32,2146,0.07563915,0.625
32,2147,0.29190493,0.625
32,2148,0.037670787,0.5
32,2149,0.041500274,0.5
32,2150,0.18889381,0.625
32,2151,0.03609207,0.375
32,2152,0.15930799,0.75
32,2153,0.10986133,0.75
32,2154,0.11641824,0.375
32,2155,0.012035077,0.25
32,2156,0.1187378,0.625
32,2157,0.10685484,0.5
32,2158,0.2848702,0.875
32,2159,0.37456864,0.375
32,2160,0.14457999,0.25
32,2161,0.19279231,0.5
32,2162,0.09800511,0.375
32,2163,0.19652332,0.625
32,2164,0.0936,0.75
32,2165,0.051638983,0.375
32,2166,0.09518516,0.625
32,2167,0.08494772,0.875
32,2168,0.04135771,0.625
32,2169,0.13572267,0.625
32,2170,0.03572849,1.0
32,2171,0.14828062,0.375
32,2172,0.1164167,0.25
32,2173,0.1784279,0.375
32,2174,0.10038213,0.375
32,2175,0.11729482,0.375
32,2176,0.0013781209,0.0
33,2177,0.079830095,0.625
33,2178,0.08703584,0.5
33,2179,0.0940696,0.375
33,2180,0.08330865,0.375
33,2181,0.100483865,0.5
33,2182,0.10702259,0.625
33,2183,0.18163976,0.5
33,2184,0.23074804,0.625
33,2185,0.10091701,0.5
33,2186,0.08912559,0.75
33,2187,0.22813681,0.75
33,2188,0.1752384,0.75
33,2189,0.101557985,0.5
33,2190,0.09041422,0.875
33,2191,0.041769173,0.5
33,2192,0.21179871,0.875
33,2193,0.15872198,0.625
33,2194,0.18908112,0.375
33,2195,0.10232332,0.75
33,2196,0.21779484,0.625
33,2197,0.121654496,0.375
33,2198,0.09793929,0.625
33,2199,0.13609521,0.75
33,2200,0.13347445,0.75
33,2201,0.12800285,0.25
33,2202,0.14558172,0.75
33,2203,0.12653317,0.875
33,2204,0.1296148,0.625
33,2205,0.073494926,0.625
33,2206,0.066792876,0.625
33,2207,0.0057935165,0.5
33,2208,0.06047456,0.875
33,2209,0.11426988,0.25
33,2210,0.08590725,0.375
33,2211,0.07425002,0.5
33,2212,0.10518034,0.375
33,2213,0.24493226,0.5
33,2214,0.023296036,0.625
33,2215,0.1768911,0.625
33,2216,0.014763256,0.625
33,2217,0.08694515,0.625
33,2218,0.18715236,0.5
33,2219,0.04941396,0.25
33,2220,0.09123112,0.375
33,2221,0.14684819,0.25
33,2222,0.13881066,0.625
33,2223,0.09832215,0.5
33,2224,0.16821857,0.625
33,2225,0.15713951,0.375
33,2226,0.013153594,0.375
33,2227,0.015928898,0.75
33,2228,0.034812983,0.5
33,2229,0.13363864,0.5
33,2230,0.05625592,0.625
33,2231,0.15151918,0.625
33,2232,0.11278942,0.5
33,2233,0.16087481,0.875
33,2234,0.13763946,0.625
33,2235,0.08639801,0.375
33,2236,0.117000304,0.625
33,2237,0.09621716,0.625
33,2238,0.059011273,0.25
33,2239,0.097918965,0.625
33,2240,0.13584928,0.875
33,2241,0.13537402,0.75
33,2242,0.12740077,0.375
33,2243,0.14846838,0.625
33,2244,0.0016789396,1.0
34,2245,0.18674242,0.375
34,2246,0.15780872,0.625
34,2247,0.13495184,0.875
34,2248,0.096961446,0.25
34,2249,0.09686438,0.625
34,2250,0.084848985,0.5
34,2251,0.15881306,0.5
34,2252,0.17073484,0.625
34,2253,0.17237,0.625
34,2254,0.115659595,0.5
34,2255,0.24307013,0.625
34,2256,0.0894274,0.875
34,2257,0.2095735,0.875
34,2258,0.033526126,0.375
34,2259,0.032344013,0.25
34,2260,0.15903321,0.625
34,2261,0.19166586,0.75
34,2262,0.10876677,0.625
34,2263,0.095751345,0.5
34,2264,0.11418073,0.625
34,2265,0.057413705,0.625
34,2266,0.058736704,0.375
34,2267,0.19353929,0.25
34,2268,0.10727446,0.625
34,2269,0.18161118,0.625
34,2270,0.112813264,0.5
34,2271,0.15683414,0.5
34,2272,0.07752462,0.5
34,2273,0.12281697,0.375
34,2274,0.33791435,0.5
34,2275,0.15992,0.75
34,2276,0.111741684,0.375
34,2277,0.044421904,0.5
34,2278,0.08262578,0.875
34,2279,0.07947134,0.5
34,2280,0.056963973,0.75
34,2281,0.11670912,0.625
34,2282,0.120351024,0.75
34,2283,0.19929682,0.625
34,2284,0.10475174,0.625
34,2285,0.04381543,0.375
34,2286,0.11582982,0.625
34,2287,0.06422947,0.625
34,2288,0.062853,0.625
34,2289,0.095538214,0.625
34,2290,0.17980337,0.5
34,2291,0.10762175,0.375
34,2292,0.10100462,0.75
34,2293,0.08298721,0.375
34,2294,0.11548501,0.375
34,2295,0.055159226,0.375
34,2296,0.08450274,0.375
34,2297,0.04422777,0.75
34,2298,0.088615194,0.5
34,2299,0.04656135,0.625
34,2300,0.19608265,0.5
34,2301,0.17840943,0.5
34,2302,0.05817265,0.625
34,2303,0.049461648,0.875
34,2304,0.06870585,0.875
34,2305,0.03898828,0.75
34,2306,0.1094711,0.5
34,2307,0.0027981307,0.5
34,2308,0.14135875,0.375
34,2309,0.16180547,0.5
34,2310,0.083593816,0.75
34,2311,0.16207014,0.625
34,2312,0.014042901,1.0
35,2313,0.13241081,0.5
35,2314,0.090926394,0.625
35,2315,0.13920341,0.5
35,2316,0.16547856,0.5
35,2317,0.07720406,0.75
35,2318,0.041148014,0.375
35,2319,0.069946274,0.5
35,2320,0.17979269,0.625
35,2321,0.049050912,0.5
35,2322,0.17838265,0.625
35,2323,0.074427165,0.625
35,2324,0.19289853,0.625
35,2325,0.008354793,0.375
35,2326,0.11037017,0.5
35,2327,0.097819656,0.625
35,2328,0.14473346,0.75
35,2329,0.18340728,0.25
35,2330,0.04023867,0.5
35,2331,0.073273286,0.375
35,2332,0.05109637,0.75
35,2333,0.18412925,0.75
35,2334,0.04928143,0.5
35,2335,0.10973738,0.375
35,2336,0.0069014914,0.375
35,2337,0.101641625,0.25
35,2338,0.15779361,0.875
35,2339,0.045222547,0.5
35,2340,0.09240705,0.375
35,2341,0.12959665,0.5
35,2342,0.07178618,0.625
35,2343,0.25577593,0.5
35,2344,0.11111144,0.75
35,2345,0.10404556,0.875
35,2346,0.14893433,0.75
35,2347,0.10478313,0.5
35,2348,0.19104591,0.75
35,2349,0.029394053,0.875
35,2350,0.03907243,0.5
35,2351,0.21842296,0.625
35,2352,0.10672279,0.875
35,2353,0.09337015,0.75
35,2354,0.09741944,0.5
35,2355,0.0700245,0.625
35,2356,0.30559948,0.5
35,2357,0.20682776,0.625
35,2358,0.13298221,0.5
35,2359,0.12176514,0.625
35,2360,0.10430927,0.625
35,2361,0.078810535,0.375
35,2362,0.1353134,0.75
35,2363,0.044933222,0.75
35,2364,0.11796807,0.625
35,2365,0.07084989,0.625
35,2366,0.13367401,0.375
35,2367,0.13814987,0.5
35,2368,0.148758,0.25
35,2369,0.09238104,0.875
35,2370,0.15609327,0.25
35,2371,0.08687296,0.5
35,2372,0.18033975,0.75
35,2373,0.03666345,0.625
35,2374,0.07899126,0.375
35,2375,0.12879992,0.75
35,2376,0.18317738,0.5
35,2377,0.07590131,0.5
35,2378,0.18308224,0.875
35,2379,0.1093656,0.375
35,2380,0.012085795,0.0
36,2381,0.07154232,0.625
36,2382,0.1547473,0.25
36,2383,0.22062175,0.75
36,2384,0.13089101,0.5
36,2385,0.06192807,0.875
36,2386,0.16337082,0.625
36,2387,0.06792048,0.625
36,2388,0.12578355,0.625
36,2389,0.033059504,0.625
36,2390,0.05779625,0.375
36,2391,0.046547487,1.0
36,2392,0.0104900515,0.5
36,2393,0.21024562,0.625
36,2394,0.16156837,0.625
36,2395,0.22014412,0.375
36,2396,0.16542251,0.125
36,2397,0.08727743,0.375
36,2398,0.14433457,0.75
36,2399,0.2203398,0.75
36,2400,0.18903889,0.75
36,2401,0.12140415,0.625
36,2402,0.08020344,0.875
36,2403,0.16960645,0.5
36,2404,0.15112965,0.5
36,2405,0.09337626,0.625
36,2406,0.042114776,0.375
36,2407,0.15395701,0.5
36,2408,0.07136643,0.5
36,2409,0.18641585,0.75
36,2410,0.09738371,0.375
36,2411,0.10259405,0.25
36,2412,0.06618065,0.5
36,2413,0.12747502,0.75
36,2414,0.06414251,0.5
36,2415,0.064139396,0.625
36,2416,0.03625183,0.5
36,2417,0.15465254,0.75
36,2418,0.08443023,0.5
36,2419,0.051374502,0.375
36,2420,0.13658969,0.75
36,2421,0.14069921,0.5
36,2422,0.032326262,0.75
36,2423,0.11402349,0.75
36,2424,0.08613992,0.5
36,2425,0.07963593,0.5
36,2426,0.07777167,0.875
36,2427,0.12188118,0.75
36,2428,0.14577848,0.5
36,2429,0.1418694,0.75
36,2430,0.14276475,0.5
36,2431,0.11437916,0.25
36,2432,0.095502436,0.125
36,2433,0.13115026,0.625
36,2434,0.0494679,0.375
36,2435,0.14461404,0.75
36,2436,0.10485851,0.5
36,2437,0.1621893,0.5
36,2438,0.036145274,0.625
36,2439,0.115579605,0.625
36,2440,0.23147565,0.5
36,2441,0.04159884,0.75
36,2442,0.15998252,0.75
36,2443,0.14373825,0.875
36,2444,0.07146093,0.5
36,2445,0.1945146,0.5
36,2446,0.055872325,0.375
36,2447,0.13395739,0.5
36,2448,0.0007516624,0.0
37,2449,0.10663413,0.625
37,2450,0.01445183,0.5
37,2451,0.080156825,0.625
37,2452,0.10660985,0.5
37,2453,0.11958305,0.375
37,2454,0.18287666,0.25
37,2455,0.16040622,0.5
37,2456,0.056174383,0.625
37,2457,0.114704,0.625
37,2458,0.07160436,0.75
37,2459,0.18129916,0.5
37,2460,0.24591807,0.625
37,2461,0.081985235,0.625
37,2462,0.10414235,0.625
37,2463,0.078237295,0.75
37,2464,0.26241088,0.625
37,2465,0.24797837,0.75
37,2466,0.09486112,0.875
37,2467,0.1268189,0.375
37,2468,0.11390982,0.625
37,2469,0.08052002,0.625
37,2470,0.08428317,0.625
37,2471,0.08112137,0.875
37,2472,0.13486622,0.75
37,2473,0.053773865,0.75
37,2474,0.12572297,0.75
37,2475,0.03110712,0.75
37,2476,0.13729563,0.25
37,2477,0.18653029,0.625
37,2478,0.14317955,0.625
37,2479,0.013798566,0.5
37,2480,0.1638849,0.5
37,2481,0.0058420887,0.375
37,2482,0.09532014,0.625
37,2483,0.19248798,0.5
37,2484,0.15508585,0.5
37,2485,0.060310025,0.625
37,2486,0.09518787,0.625
37,2487,0.0922835,0.625
37,2488,0.20148219,0.375
37,2489,0.2130096,0.625
37,2490,0.17041972,0.625
37,2491,0.13651536,0.625
37,2492,0.06477723,0.375
37,2493,0.16966473,0.625
37,2494,0.1433053,0.5
37,2495,0.05548926,0.75
37,2496,0.107832864,0.375
37,2497,0.108221926,0.25
37,2498,0.19537282,0.5
37,2499,0.054748002,0.625
37,2500,0.056005478,0.5
37,2501,0.08008651,0.375
37,2502,0.063306,0.5
37,2503,0.044477407,0.625
37,2504,0.20285726,0.75
37,2505,0.09378612,0.625
37,2506,0.10948582,0.625
37,2507,0.024642305,0.375
37,2508,0.05500047,0.5
37,2509,0.12015985,0.25
37,2510,0.23996899,0.5
37,2511,0.08331384,0.5
37,2512,0.110889085,0.875
37,2513,0.15946352,0.75
37,2514,0.039442666,0.75
37,2515,0.06924474,0.375
37,2516,0.07185297,0.0
38,2517,0.054441456,0.625
38,2518,0.011060184,0.875
38,2519,0.24036965,0.875
38,2520,0.22659653,0.75
38,2521,0.039310843,0.5
38,2522,0.15335938,0.625
38,2523,0.115747556,0.375
38,2524,0.04985572,0.5
38,2525,0.13779318,0.5
38,2526,0.06376261,0.5
38,2527,0.057483632,0.75
38,2528,0.21531633,0.625
38,2529,0.19642901,0.0
38,2530,0.11078474,0.625
38,2531,0.12135565,0.625
38,2532,0.043995846,0.625
38,2533,0.13318136,0.25
38,2534,0.1552735,0.5
38,2535,0.05625855,0.625
38,2536,0.2532301,0.375
38,2537,0.055432774,0.375
38,2538,0.10190829,0.5
38,2539,0.083155274,0.5
38,2540,0.1710577,0.75
38,2541,0.12524568,0.5
38,2542,0.25625792,0.5
38,2543,0.059986763,0.625
38,2544,0.09700747,0.625
38,2545,0.15606868,0.75
38,2546,0.18135262,0.5
38,2547,0.07752051,0.625
38,2548,0.22771014,0.5
38,2549,0.043794535,0.25
38,2550,0.19945776,0.25
38,2551,0.12906818,0.5
38,2552,0.1372843,0.625
38,2553,0.05300369,0.5
38,2554,0.15003349,0.5
38,2555,0.16369459,0.375
38,2556,0.059522696,0.75
38,2557,0.085673094,0.5
38,2558,0.046347085,0.625
38,2559,0.0599525,0.625
38,2560,0.1092941,0.625
38,2561,0.10481161,0.75
38,2562,0.15623017,0.5
38,2563,0.08384077,0.625
38,2564,0.038596954,0.625
38,2565,0.09620501,0.75
38,2566,0.23604533,0.875
38,2567,0.06512604,0.625
38,2568,0.06615437,0.625
38,2569,0.15560763,0.75
38,2570,0.19760862,0.625
38,2571,0.2028526,0.75
38,2572,0.02185171,0.375
38,2573,0.020047853,0.625
38,2574,0.019132523,0.5
38,2575,0.08693116,0.5
38,2576,0.039905667,0.875
38,2577,0.1477366,0.875
38,2578,0.09428425,0.5
38,2579,0.18164468,0.625
38,2580,0.027260222,0.5
38,2581,0.22443321,0.5
38,2582,0.0457332,0.625
38,2583,0.032352228,0.375
38,2584,0.42817104,0.0
39,2585,0.039826225,0.5
39,2586,0.13872793,0.375
39,2587,0.08278061,0.625
39,2588,0.012650651,0.625
39,2589,0.11346907,0.5
39,2590,0.11864273,0.75
39,2591,0.26694137,0.625
39,2592,0.1430684,0.25
39,2593,0.13949576,0.75
39,2594,0.08909572,0.625
39,2595,0.28723937,0.375
39,2596,0.07921997,0.75
39,2597,0.07050039,0.875
39,2598,0.11265318,0.625
39,2599,0.0865456,0.625
39,2600,0.17763853,0.5
39,2601,0.010646178,0.625
39,2602,0.11910802,0.375
39,2603,0.11493784,0.5
39,2604,0.090254605,0.125
39,2605,0.22707202,0.5
39,2606,0.15757295,0.625
39,2607,0.18606901,0.625
39,2608,0.016391054,0.75
39,2609,0.2062341,0.875
39,2610,0.13261046,0.5
39,2611,0.04804083,1.0
39,2612,0.05641584,0.75
39,2613,0.035606895,0.625
39,2614,0.09621563,0.75
39,2615,0.16412961,0.5
39,2616,0.12622932,0.375
39,2617,0.14220467,0.375
39,2618,0.18354048,0.5
39,2619,0.09339575,0.5
39,2620,0.02376058,0.625
39,2621,0.12538154,0.375
39,2622,0.0568537,0.375
39,2623,0.08197032,0.625
39,2624,0.07813055,0.75
39,2625,0.089548446,0.375
39,2626,0.19961157,0.75
39,2627,0.18633497,0.375
39,2628,0.17162365,0.5
39,2629,0.04842335,0.375
39,2630,0.0704189,0.75
39,2631,0.10916187,0.375
39,2632,0.010276091,0.625
39,2633,0.09978238,0.625
39,2634,0.10865026,0.75
39,2635,0.042369183,0.5
39,2636,0.17896876,0.375
39,2637,0.09669011,0.5
39,2638,0.1050262,0.625
39,2639,0.21970013,0.625
39,2640,0.10834368,0.625
39,2641,0.20181078,0.75
39,2642,0.19155563,0.625
39,2643,0.15493315,0.5
39,2644,0.11211053,0.5
39,2645,0.031472187,0.875
39,2646,0.040945794,0.5
39,2647,0.1485753,0.75
39,2648,0.14677528,0.5
39,2649,0.13058104,0.625
39,2650,0.06306559,0.375
39,2651,0.062307294,0.5
39,2652,0.012023858,1.0
40,2653,0.1686114,0.875
40,2654,0.1937464,0.5
40,2655,0.101635665,0.625
40,2656,0.10486682,0.375
40,2657,0.11015272,0.625
40,2658,0.0818454,0.875
40,2659,0.07785002,0.75
40,2660,0.07412097,0.75
40,2661,0.14478216,0.25
40,2662,0.073962286,0.5
40,2663,0.122797124,0.625
40,2664,0.10715451,0.75
40,2665,0.14985837,0.375
40,2666,0.13364373,1.0
40,2667,0.043062337,0.5
40,2668,0.04145657,0.625
40,2669,0.07085636,0.625
40,2670,0.16159071,0.5
40,2671,0.05124979,0.75
40,2672,0.12793173,0.5
40,2673,0.06389219,0.875
40,2674,0.10238965,0.625
40,2675,0.055882685,0.625
40,2676,0.21079038,1.0
40,2677,0.039899144,0.75
40,2678,0.095182784,0.5
40,2679,0.120420866,1.0
40,2680,0.056033876,0.25
40,2681,0.085810155,0.375
40,2682,0.11659218,0.75
40,2683,0.1059817,0.5
40,2684,0.1636659,0.5
40,2685,0.01756927,0.625
40,2686,0.12309775,0.375
40,2687,0.112243846,0.375
40,2688,0.19580008,0.375
40,2689,0.06249366,0.5
40,2690,0.05133461,0.5
40,2691,0.07895967,0.5
40,2692,0.12242769,0.5
40,2693,0.23807766,0.375
40,2694,0.054201648,0.625
40,2695,0.09989456,0.625
40,2696,0.24067187,0.75
40,2697,0.17864749,0.625
40,2698,0.041115258,0.5
40,2699,0.07545595,0.625
40,2700,0.113949545,0.375
40,2701,0.12762544,0.625
40,2702,0.14795959,0.25
40,2703,0.10717501,0.5
40,2704,0.056180093,0.375
40,2705,0.039648928,0.625
40,2706,0.24526912,0.375
40,2707,0.2174572,0.625
40,2708,0.025608694,0.25
40,2709,0.095456146,0.375
40,2710,0.10735043,0.875
40,2711,0.19108848,0.25
40,2712,0.20443426,0.625
40,2713,0.2167604,0.75
40,2714,0.040013596,0.75
40,2715,0.09588305,0.625
40,2716,0.14876509,0.625
40,2717,0.18618394,0.625
40,2718,0.15877758,0.375
40,2719,0.030119428,0.5
40,2720,0.43866462,0.0
41,2721,0.09148764,0.875
41,2722,0.03951902,0.5
41,2723,0.16763355,0.875
41,2724,0.19125126,0.375
41,2725,0.09353821,0.75
41,2726,0.121247664,0.625
41,2727,0.14039813,0.75
41,2728,0.19752218,0.75
41,2729,0.18978658,0.625
41,2730,0.11885347,0.625
41,2731,0.018187216,0.625
41,2732,0.2634347,0.625
41,2733,0.14546984,0.5
41,2734,0.22622775,0.25
41,2735,0.18299292,0.625
41,2736,0.15677664,0.875
41,2737,0.15382281,0.375
41,2738,0.09248924,0.5
41,2739,0.0826133,0.25
41,2740,0.061507657,0.875
41,2741,0.11428814,1.0
41,2742,0.13451666,0.375
41,2743,0.15761635,0.625
41,2744,0.23788846,0.25
41,2745,0.15271665,0.5
41,2746,0.12857088,0.625
41,2747,0.1484456,0.125
41,2748,0.09333475,0.75
41,2749,0.07670496,0.75
41,2750,0.14738093,0.5
41,2751,0.18813992,0.625
41,2752,0.051112995,0.5
41,2753,0.045065876,0.5
41,2754,0.07052903,0.75
41,2755,0.13166353,0.625
41,2756,0.069758765,0.25
41,2757,0.08767026,0.5
41,2758,0.036706492,0.375
41,2759,0.08942244,0.875
41,2760,0.0838697,0.25
41,2761,0.15825637,0.625
41,2762,0.18675338,0.75
41,2763,0.036486156,0.375
41,2764,0.056521744,0.75
41,2765,0.038423434,0.375
41,2766,0.08150828,0.5
41,2767,0.14134052,0.5
41,2768,0.21035491,0.625
41,2769,0.10993607,0.625
41,2770,0.048961625,0.625
41,2771,0.05471373,0.25
41,2772,0.08173374,0.375
41,2773,0.042386346,0.625
41,2774,0.11617071,0.625
41,2775,0.13577369,0.5
41,2776,0.08146537,0.375
41,2777,0.06856218,0.5
41,2778,0.2737777,0.625
41,2779,0.06398734,0.5
41,2780,0.032954715,0.75
41,2781,0.11707572,0.5
41,2782,0.04359311,0.75
41,2783,0.10447041,0.75
41,2784,0.016618647,0.375
41,2785,0.13764948,0.5
41,2786,0.1515277,0.75
41,2787,0.08347623,0.875
41,2788,0.021770928,0.0
42,2789,0.12081609,0.5
42,2790,0.12809873,0.25
42,2791,0.050340474,0.5
42,2792,0.069273315,0.5
42,2793,0.2108429,0.75
42,2794,0.12638082,0.75
42,2795,0.06981076,0.5
42,2796,0.20750974,0.875
42,2797,0.03145764,0.5
42,2798,0.056448817,0.625
42,2799,0.12259345,0.625
42,2800,0.13812955,0.75
42,2801,0.15271945,0.625
42,2802,0.075987205,0.25
42,2803,0.24739131,0.75
42,2804,0.12553352,0.625
42,2805,0.068282075,0.375
42,2806,0.06392181,0.375
42,2807,0.13088106,0.75
42,2808,0.10013329,0.625
42,2809,0.17372952,0.5
42,2810,0.054282136,0.75
42,2811,0.21138522,0.5
42,2812,0.11653734,0.375
42,2813,0.126694,0.875
42,2814,0.09328352,0.625
42,2815,0.079672605,0.5
42,2816,0.24689135,0.625
42,2817,0.07388273,0.375
42,2818,0.1118223,0.625
42,2819,0.0912649,0.625
42,2820,0.10668031,0.875
42,2821,0.048032094,0.75
42,2822,0.123928614,0.375
42,2823,0.06553374,0.625
42,2824,0.19050416,0.625
42,2825,0.0035665422,0.625
42,2826,0.07337317,0.625
42,2827,0.16392158,0.625
42,2828,0.18714616,0.75
42,2829,0.08718517,0.5
42,2830,0.11746126,0.25
42,2831,0.24287866,0.625
42,2832,0.026478963,0.5
42,2833,0.089527324,0.75
42,2834,0.07194484,0.625
42,2835,0.035149228,0.875
42,2836,0.021876816,0.5
42,2837,0.04210499,0.5
42,2838,0.20697305,0.625
42,2839,0.12066204,0.25
42,2840,0.10916609,0.625
42,2841,0.10384935,0.75
42,2842,0.019600017,0.5
42,2843,0.16522424,0.625
42,2844,0.2430576,0.625
42,2845,0.058278654,0.625
42,2846,0.05603406,0.75
42,2847,0.1443855,0.625
42,2848,0.07493984,0.625
42,2849,0.17365979,0.375
42,2850,0.11754286,0.625
42,2851,0.13773961,0.125
42,2852,0.08992869,0.125
42,2853,0.075670734,0.5
42,2854,0.091619544,0.625
42,2855,0.28907764,0.5
42,2856,0.043671295,0.0
43,2857,0.022473585,0.75
43,2858,0.12503335,0.5
43,2859,0.145696,0.125
43,2860,0.22705798,0.625
43,2861,0.1466643,0.5
43,2862,0.028637737,0.5
43,2863,0.03523001,0.75
43,2864,0.19334854,0.625
43,2865,0.22197902,0.75
43,2866,0.14921477,0.75
43,2867,0.020797137,0.5
43,2868,0.050925195,0.625
43,2869,0.09669708,0.875
43,2870,0.19134897,0.375
43,2871,0.1449001,0.5
43,2872,0.08244968,0.5
43,2873,0.19069566,0.5
43,2874,0.3080797,0.5
43,2875,0.18485054,0.5
43,2876,0.100637086,0.5
43,2877,0.08558013,0.5
43,2878,0.016583608,0.375
43,2879,0.069893196,0.625
43,2880,0.05014895,0.625
43,2881,0.059013043,0.75
43,2882,0.06839619,0.25
43,2883,0.2592923,0.625
43,2884,0.09262884,0.5
43,2885,0.046005618,0.125
43,2886,0.09896555,0.5
43,2887,0.2210762,0.75
43,2888,0.06461696,0.625
43,2889,0.08101887,0.5
43,2890,0.02823859,0.625
43,2891,0.16990231,0.875
43,2892,0.16670269,0.625
43,2893,0.06610667,0.5
43,2894,0.21358556,0.375
43,2895,0.08486769,0.75
43,2896,0.14149079,0.875
43,2897,0.11725742,0.5
43,2898,0.12504213,0.375
43,2899,0.14648643,0.75
43,2900,0.1334395,0.75
43,2901,0.08598167,0.625
43,2902,0.099457175,0.625
43,2903,0.06462509,0.25
43,2904,0.26747963,0.5
43,2905,0.044710796,0.5
43,2906,0.078540795,0.5
43,2907,0.096077144,0.5
43,2908,0.046688143,0.25
43,2909,0.12640098,0.625
43,2910,0.2024197,0.5
43,2911,0.16149768,0.625
43,2912,0.100040205,0.625
43,2913,0.058201764,0.75
43,2914,0.11932024,0.75
43,2915,0.07084921,0.875
43,2916,0.060601015,0.5
43,2917,0.119876266,0.375
43,2918,0.11752513,0.75
43,2919,0.0842855,0.5
43,2920,0.07808597,0.75
43,2921,0.16524279,0.625
43,2922,0.06498887,0.5
43,2923,0.0691103,0.75
43,2924,0.0024228643,1.0
44,2925,0.023494463,0.75
44,2926,0.27845782,0.875
44,2927,0.13676392,0.375
44,2928,0.15096645,0.5
44,2929,0.13809282,0.625
44,2930,0.112137176,0.5
44,2931,0.09086095,0.5
44,2932,0.14304931,0.625
44,2933,0.07058701,0.625
44,2934,0.110472366,0.5
44,2935,0.07677831,0.5
44,2936,0.11628685,0.5
44,2937,0.17500375,0.25
44,2938,0.2083761,0.5
44,2939,0.040587954,0.625
44,2940,0.12531988,0.5
44,2941,0.08869335,0.75
44,2942,0.024397722,0.375
44,2943,0.3395618,0.625
44,2944,0.18109228,0.5
44,2945,0.054099664,0.625
44,2946,0.19396167,0.5
44,2947,0.10795915,0.625
44,2948,0.37188947,0.25
44,2949,0.15071215,0.5
44,2950,0.16564238,0.625
44,2951,0.053574,0.625
44,2952,0.11101152,0.5
44,2953,0.13442376,0.625
44,2954,0.06685407,0.75
44,2955,0.124747254,0.625
44,2956,0.11868219,0.625
44,2957,0.10856094,0.625
44,2958,0.09005086,0.5
44,2959,0.13085616,1.0
44,2960,0.072958596,0.625
44,2961,0.06921167,0.875
44,2962,0.16124775,0.625
44,2963,0.04902125,0.625
44,2964,0.053798284,0.5
44,2965,0.11029323,0.375
44,2966,0.1114693,0.625
44,2967,0.16611756,0.0
44,2968,0.022304865,0.25
44,2969,0.19780967,0.75
44,2970,0.1235662,0.5
44,2971,0.051542193,0.5
44,2972,0.18145457,0.625
44,2973,0.07697555,0.5
44,2974,0.10426706,0.75
44,2975,0.20351672,0.25
44,2976,0.09350041,0.625
44,2977,0.06321979,0.625
44,2978,0.071746096,0.625
44,2979,0.11070661,0.75
44,2980,0.14652893,0.875
44,2981,0.02818105,0.875
44,2982,0.02814713,0.625
44,2983,0.061320815,0.5
44,2984,0.101949304,0.75
44,2985,0.08362,0.5
44,2986,0.05176847,0.5
44,2987,0.043642566,0.625
44,2988,0.08846256,0.625
44,2989,0.09240624,0.25
44,2990,0.14944144,0.375
44,2991,0.06673511,0.875
44,2992,0.025622493,0.0
45,2993,0.09355213,0.5
45,2994,0.08163839,0.875
45,2995,0.016691417,0.5
45,2996,0.037767224,0.25
45,2997,0.1627019,0.375
45,2998,0.09844244,0.375
45,2999,0.12749697,0.625
45,3000,0.18370195,0.5
45,3001,0.14686513,0.75
45,3002,0.16805482,0.625
45,3003,0.10305335,0.375
45,3004,0.08218391,0.375
45,3005,0.031403303,0.875
45,3006,0.35218424,0.625
45,3007,0.19217518,0.5
45,3008,0.13186722,0.5
45,3009,0.10586786,0.375
45,3010,0.17989704,0.75
45,3011,0.11558559,0.625
45,3012,0.12678938,0.875
45,3013,0.15448295,0.875
45,3014,0.06908867,0.625
45,3015,0.080267146,0.625
45,3016,0.120312296,0.5
45,3017,0.055656772,0.5
45,3018,0.045162827,0.375
45,3019,0.18876016,0.5
45,3020,0.21268901,0.875
45,3021,0.09095225,0.375
45,3022,0.18751429,0.625
45,3023,0.17241254,0.625
45,3024,0.016828751,0.375
45,3025,0.044320893,0.5
45,3026,0.21090873,0.5
45,3027,0.13753389,0.25
45,3028,0.1752453,0.625
45,3029,0.030012742,0.5
45,3030,0.05322253,0.75
45,3031,0.114928015,0.25
45,3032,0.08972808,0.375
45,3033,0.072541505,0.625
45,3034,0.09732526,0.5
45,3035,0.026401121,0.5
45,3036,0.06668549,0.875
45,3037,0.09031369,1.0
45,3038,0.060149327,0.75
45,3039,0.06105596,0.875
45,3040,0.09410268,0.625
45,3041,0.14082062,0.5
45,3042,0.0938011,0.5
45,3043,0.094711885,0.875
45,3044,0.14051099,0.5
45,3045,0.03635591,0.75
45,3046,0.1649784,0.625
45,3047,0.11349112,0.375
45,3048,0.19474337,0.75
45,3049,0.040985264,0.625
45,3050,0.23491621,0.625
45,3051,0.19465071,0.5
45,3052,0.09730511,0.5
45,3053,0.15881921,0.375
45,3054,0.05471124,0.625
45,3055,0.263886,0.5
45,3056,0.059851255,0.375
45,3057,0.12770528,0.375
45,3058,0.049344145,0.75
45,3059,0.017929316,0.375
45,3060,0.13829786,1.0
46,3061,0.21727708,0.25
46,3062,0.07981549,0.75
46,3063,0.16394335,0.5
46,3064,0.018485378,0.625
46,3065,0.2251148,0.25
46,3066,0.12144825,0.75
46,3067,0.17778939,0.625
46,3068,0.08328874,0.625
46,3069,0.009594375,0.625
46,3070,0.1808526,0.75
46,3071,0.14056227,0.75
46,3072,0.10882047,0.625
46,3073,0.0546908,0.5
46,3074,0.12809001,0.625
46,3075,0.11062313,0.625
46,3076,0.068048395,0.625
46,3077,0.11043606,0.75
46,3078,0.01042419,0.375
46,3079,0.087626114,0.75
46,3080,0.16067685,0.5
46,3081,0.14070146,0.625
46,3082,0.047301777,0.625
46,3083,0.13048843,0.5
46,3084,0.16512734,0.375
46,3085,0.19398491,0.625
46,3086,0.20276345,0.5
46,3087,0.08024654,0.625
46,3088,0.12213348,0.625
46,3089,0.11740761,0.875
46,3090,0.08685252,0.75
46,3091,0.01883856,0.5
46,3092,0.008128694,0.625
46,3093,0.190414,0.75
46,3094,0.06510938,0.625
46,3095,0.10322971,0.5
46,3096,0.1423069,0.375
46,3097,0.12849668,0.125
46,3098,0.10300307,0.5
46,3099,0.100492895,0.875
46,3100,0.08303822,0.75
46,3101,0.119815916,0.625
46,3102,0.01988763,0.375
46,3103,0.16730452,0.375
46,3104,0.24197856,0.5
46,3105,0.12498664,0.375
46,3106,0.119997025,0.25
46,3107,0.042213388,0.375
46,3108,0.05984114,1.0
46,3109,0.14170045,0.375
46,3110,0.1127399,0.75
46,3111,0.05578979,0.5
46,3112,0.19173048,0.75
46,3113,0.08431547,0.5
46,3114,0.059102625,0.375
46,3115,0.039442975,0.625
46,3116,0.19837244,0.5
46,3117,0.076867655,0.625
46,3118,0.152069,0.75
46,3119,0.16755891,0.625
46,3120,0.24659432,0.75
46,3121,0.16520101,0.375
46,3122,0.20256427,0.5
46,3123,0.1408276,0.75
46,3124,0.06347446,0.5
46,3125,0.10446045,0.625
46,3126,0.030169878,0.125
46,3127,0.03202865,0.625
46,3128,0.026945945,1.0
47,3129,0.051181912,0.5
47,3130,0.06999851,0.625
47,3131,0.036669765,0.375
47,3132,0.049798362,0.625
47,3133,0.10098675,0.75
47,3134,0.09059943,1.0
47,3135,0.09694763,0.375
47,3136,0.25518307,0.875
47,3137,0.033538617,0.625
47,3138,0.03728485,0.75
47,3139,0.13436162,0.625
47,3140,0.110294536,0.5
47,3141,0.06402713,1.0
47,3142,0.050542872,0.375
47,3143,0.14731169,0.375
47,3144,0.07478792,0.625
47,3145,0.12053536,0.375
47,3146,0.22145838,0.5
47,3147,0.18896247,0.625
47,3148,0.08769732,0.75
47,3149,0.11891652,0.0
47,3150,0.26806045,0.75
47,3151,0.13676433,0.75
47,3152,0.15259892,0.625
47,3153,0.055083163,0.5
47,3154,0.036801048,0.375
47,3155,0.084410965,0.75
47,3156,0.11638203,0.375
47,3157,0.014626703,0.5
47,3158,0.04697237,0.875
47,3159,0.14080903,0.5
47,3160,0.09818083,0.625
47,3161,0.18893835,0.5
47,3162,0.07409262,0.5
47,3163,0.07696088,0.25
47,3164,0.15568002,0.5
47,3165,0.10395821,0.5
47,3166,0.13510293,0.625
47,3167,0.069995314,0.875
47,3168,0.14618993,0.625
47,3169,0.08707509,0.75
47,3170,0.07526067,0.75
47,3171,0.1917705,0.5
47,3172,0.068568386,0.75
47,3173,0.24628921,0.5
47,3174,0.17328116,0.875
47,3175,0.24305943,0.625
47,3176,0.21741961,0.625
47,3177,0.08493709,0.75
47,3178,0.12950839,0.625
47,3179,0.11614905,0.125
47,3180,0.16629133,0.5
47,3181,0.07651975,0.25
47,3182,0.033540543,0.75
47,3183,0.23910967,0.375
47,3184,0.12523085,0.5
47,3185,0.13136126,0.5
47,3186,0.1282871,0.25
47,3187,0.06985114,0.625
47,3188,0.10370835,0.5
47,3189,0.08921343,0.75
47,3190,0.16063099,0.375
47,3191,0.13314648,0.875
47,3192,0.040550947,0.5
47,3193,0.14428663,0.375
47,3194,0.057045557,0.5
47,3195,0.07615569,0.5
47,3196,0.004981194,1.0
48,3197,0.096661806,0.5
48,3198,0.06987013,0.5
48,3199,0.18417555,0.375
48,3200,0.08984354,0.75
48,3201,0.1981559,0.25
48,3202,0.094733536,0.625
48,3203,0.21843237,0.375
48,3204,0.16659585,0.375
48,3205,0.06745313,0.875
48,3206,0.18396874,1.0
48,3207,0.14703307,0.625
48,3208,0.15900868,0.75
48,3209,0.15631172,0.5
48,3210,0.04609788,0.625
48,3211,0.10080029,0.375
48,3212,0.029064575,0.625
48,3213,0.30201373,0.5
48,3214,0.10236151,0.625
48,3215,0.046318006,0.625
48,3216,0.17145172,0.5
48,3217,0.086630106,0.625
48,3218,0.08745557,0.375
48,3219,0.0651402,0.625
48,3220,0.08231706,0.75
48,3221,0.13357869,0.625
48,3222,0.121826984,0.25
48,3223,0.1780556,0.625
48,3224,0.049344096,0.375
48,3225,0.17310105,0.625
48,3226,0.17626652,0.5
48,3227,0.063920215,0.5
48,3228,0.16324235,0.625
48,3229,0.041788157,0.5
48,3230,0.17860135,0.5
48,3231,0.11969268,0.875
48,3232,0.12551235,0.875
48,3233,0.1597578,0.625
48,3234,0.049871456,1.0
48,3235,0.100518875,0.625
48,3236,0.088383764,0.75
48,3237,0.09307625,0.5
48,3238,0.14147906,0.5
48,3239,0.22335751,0.5
48,3240,0.07872911,0.625
48,3241,0.042468984,0.5
48,3242,0.14233777,0.5
48,3243,0.06323183,1.0
48,3244,0.03467691,0.375
48,3245,0.17712703,0.5
48,3246,0.25249872,0.625
48,3247,0.032661542,0.25
48,3248,0.09953411,0.75
48,3249,0.09235909,0.375
48,3250,0.1423986,0.875
48,3251,0.0895196,0.5
48,3252,0.08514673,0.5
48,3253,0.01658338,0.625
48,3254,0.0874065,0.625
48,3255,0.15159659,0.625
48,3256,0.05011332,0.375
48,3257,0.041225955,0.375
48,3258,0.12622167,0.375
48,3259,0.11471635,0.375
48,3260,0.033084743,0.5
48,3261,0.17021525,0.375
48,3262,0.10274566,0.625
48,3263,0.082367934,0.875
48,3264,0.07172132,0.0
49,3265,0.15371467,0.25
49,3266,0.026770545,0.625
49,3267,0.20283265,0.75
49,3268,0.083122596,0.625
49,3269,0.11329426,0.75
49,3270,0.14326015,0.625
49,3271,0.1714069,0.75
49,3272,0.06981013,0.5
49,3273,0.10139996,0.625
49,3274,0.06200817,0.75
49,3275,0.031590562,0.75
49,3276,0.111363456,0.5
49,3277,0.11943454,0.625
49,3278,0.24424249,0.125
49,3279,0.15500174,0.75
49,3280,0.1507331,0.375
49,3281,0.11828638,0.375
49,3282,0.037878707,0.625
49,3283,0.13829723,0.25
49,3284,0.11878736,0.625
49,3285,0.17062981,0.5
49,3286,0.103367455,0.375
49,3287,0.18122736,0.375
49,3288,0.050248932,0.625
49,3289,0.029471887,0.75
49,3290,0.03663533,0.375
49,3291,0.149822,0.375
49,3292,0.15034826,0.25
49,3293,0.107799776,0.75
49,3294,0.076360986,0.625
49,3295,0.15473393,0.875
49,3296,0.14352417,0.5
49,3297,0.08013045,0.375
49,3298,0.09443412,0.625
49,3299,0.097560525,0.625
49,3300,0.13210778,0.75
49,3301,0.09259618,0.75
49,3302,0.023392074,0.5
49,3303,0.15865472,0.5
49,3304,0.06448121,0.625
49,3305,0.20697513,0.5
49,3306,0.045980588,0.125
49,3307,0.03692606,0.625
49,3308,0.18783697,0.75
49,3309,0.25867692,0.75
49,3310,0.10958376,0.75
49,3311,0.117842145,0.375
49,3312,0.08781877,0.75
49,3313,0.19047809,0.625
49,3314,0.05789661,0.625
49,3315,0.15865059,0.625
49,3316,0.11002198,0.75
49,3317,0.020074284,0.75
49,3318,0.13695468,0.625
49,3319,0.045516305,0.5
49,3320,0.14751129,0.25
49,3321,0.1409548,0.625
49,3322,0.10807217,0.5
49,3323,0.052107316,0.75
49,3324,0.14177772,0.625
49,3325,0.035667207,0.375
49,3326,0.18025623,0.5
49,3327,0.20227169,0.5
49,3328,0.073907934,0.375
49,3329,0.04248705,0.875
49,3330,0.19998905,0.5
49,3331,0.08702708,0.75
49,3332,0.13222739,1.0
50,3333,0.102520704,0.875
50,3334,0.1135441,0.375
50,3335,0.026843105,0.5
50,3336,0.03465141,0.625
50,3337,0.0867555,0.75
50,3338,0.037958283,0.875
50,3339,0.15357788,0.375
50,3340,0.18858671,0.75
50,3341,0.15034062,0.75
50,3342,0.077967264,0.375
50,3343,0.1673613,0.625
50,3344,0.05813558,0.375
50,3345,0.28199488,0.375
50,3346,0.16911244,0.75
50,3347,0.16555217,0.5
50,3348,0.079526134,0.75
50,3349,0.096284255,0.5
50,3350,0.12941724,0.5
50,3351,0.02650512,0.375
50,3352,0.09010368,0.625
50,3353,0.1642784,0.5
50,3354,0.06692292,0.5
50,3355,0.05273179,0.375
50,3356,0.17285264,0.75
50,3357,0.10790421,0.25
50,3358,0.034232274,0.5
50,3359,0.12894598,0.75
50,3360,0.22168483,0.5
50,3361,0.17249952,0.625
50,3362,0.11299497,0.625
50,3363,0.18147665,0.625
50,3364,0.13449198,0.625
50,3365,0.011116779,0.625
50,3366,0.16284011,0.5
50,3367,0.12477717,0.5
50,3368,0.092915736,0.75
50,3369,0.06467381,0.375
50,3370,0.20348603,0.75
50,3371,0.04094812,0.375
50,3372,0.08972813,0.5
50,3373,0.08375908,0.625
50,3374,0.16022886,0.375
50,3375,0.083614014,0.625
50,3376,0.085645005,0.5
50,3377,0.17011584,0.625
50,3378,0.038200535,0.875
50,3379,0.09490959,0.375
50,3380,0.08644158,0.5
50,3381,0.054689948,0.75
50,3382,0.06387495,0.625
50,3383,0.0999382,0.25
50,3384,0.13280168,0.625
50,3385,0.17559843,0.625
50,3386,0.12946478,0.5
50,3387,0.074125856,0.375
50,3388,0.030378995,0.5
50,3389,0.1363698,0.75
50,3390,0.062720075,1.0
50,3391,0.07511943,0.625
50,3392,0.065940216,0.25
50,3393,0.0903428,0.5
50,3394,0.21906824,0.625
50,3395,0.1002559,0.625
50,3396,0.23886192,0.75
50,3397,0.09923455,0.75
50,3398,0.33496475,0.5
50,3399,0.07113516,0.5
50,3400,0.1127391,0.0
